Age,Frequency_[Classical]_num,Frequency_[Country]_num,Frequency_[EDM]_num,Frequency_[Folk]_num,Frequency_[Jazz]_num,Frequency_[Metal]_num,Frequency_[Pop]_num,Frequency_[Rap]_num,Frequency_[Rock]_num,Smoking,Alcohol,Life struggles,Anxiety,Depression,Insomnia
20.0,4.0,4.0,4.0,2.0,2.0,2.0,10.0,2.0,10.0,1.0,10.0,2.0,2.0,6.0,4.0
19.0,2.0,2.0,4.0,2.0,2.0,8.0,6.0,2.0,10.0,1.0,10.0,2.0,2.0,4.0,10.0
20.0,8.0,6.0,4.0,4.0,6.0,6.0,6.0,2.0,10.0,4.0,10.0,8.0,2.0,10.0,8.0
22.0,2.0,2.0,4.0,2.0,2.0,2.0,4.0,4.0,4.0,7.0,10.0,6.0,6.0,10.0,2.0
20.0,8.0,4.0,8.0,6.0,4.0,2.0,10.0,10.0,6.0,4.0,5.0,4.0,2.0,6.0,8.0
20.0,6.0,4.0,4.0,6.0,8.0,10.0,4.0,8.0,10.0,1.0,never,6.0,2.0,4.0,6.0
20.0,4.0,2.0,10.0,6.0,2.0,2.0,10.0,6.0,6.0,4.0,5.0,10.0,2.0,6.0,4.0
19.0,4.0,2.0,6.0,4.0,4.0,2.0,8.0,6.0,10.0,10.0,10.0,4.0,4.0,4.0,10.0
18.0,4.0,2.0,6.0,2.0,4.0,10.0,6.0,2.0,10.0,4.0,5.0,8.0,4.0,8.0,10.0
19.0,4.0,4.0,4.0,10.0,8.0,4.0,6.0,4.0,10.0,1.0,10.0,10.0,2.0,4.0,8.0
19.0,4.0,2.0,6.0,4.0,4.0,4.0,8.0,6.0,6.0,10.0,5.0,10.0,4.0,4.0,8.0
17.0,8.0,2.0,2.0,2.0,4.0,2.0,4.0,2.0,10.0,4.0,never,8.0,10.0,8.0,10.0
24.0,8.0,2.0,2.0,4.0,2.0,8.0,6.0,6.0,10.0,4.0,5.0,10.0,10.0,10.0,6.0
19.0,2.0,4.0,10.0,6.0,6.0,2.0,10.0,4.0,4.0,1.0,5.0,8.0,2.0,4.0,10.0
22.0,4.0,2.0,4.0,2.0,8.0,4.0,8.0,6.0,10.0,10.0,5.0,10.0,10.0,4.0,2.0
18.0,8.0,6.0,4.0,4.0,4.0,10.0,6.0,4.0,10.0,7.0,5.0,8.0,2.0,8.0,6.0
19.0,2.0,2.0,6.0,2.0,4.0,2.0,8.0,4.0,8.0,10.0,10.0,8.0,2.0,4.0,8.0
20.0,4.0,6.0,6.0,6.0,6.0,4.0,8.0,6.0,8.0,4.0,5.0,10.0,4.0,8.0,4.0
18.0,8.0,6.0,10.0,8.0,8.0,8.0,10.0,8.0,8.0,4.0,5.0,2.0,2.0,8.0,4.0
18.0,8.0,4.0,6.0,6.0,10.0,10.0,4.0,2.0,8.0,7.0,10.0,2.0,2.0,4.0,10.0
20.0,8.0,6.0,6.0,4.0,10.0,10.0,4.0,8.0,10.0,1.0,never,8.0,2.0,4.0,6.0
24.0,4.0,6.0,2.0,2.0,2.0,10.0,4.0,2.0,10.0,4.0,5.0,4.0,2.0,8.0,10.0
22.0,6.0,6.0,6.0,4.0,2.0,2.0,8.0,4.0,,4.0,5.0,8.0,4.0,6.0,8.0
20.0,4.0,4.0,8.0,4.0,6.0,4.0,8.0,6.0,10.0,4.0,5.0,8.0,2.0,6.0,10.0
19.0,8.0,2.0,6.0,2.0,2.0,10.0,6.0,2.0,10.0,4.0,never,10.0,4.0,8.0,10.0
20.0,4.0,2.0,8.0,4.0,4.0,2.0,10.0,6.0,2.0,4.0,5.0,10.0,2.0,4.0,4.0
22.0,10.0,8.0,10.0,10.0,6.0,6.0,8.0,4.0,8.0,4.0,5.0,8.0,4.0,8.0,8.0
19.0,6.0,2.0,6.0,8.0,4.0,4.0,4.0,4.0,8.0,1.0,5.0,6.0,2.0,6.0,2.0
20.0,2.0,2.0,10.0,2.0,2.0,2.0,6.0,10.0,8.0,7.0,5.0,2.0,4.0,6.0,10.0
19.0,6.0,4.0,6.0,8.0,6.0,2.0,6.0,6.0,8.0,4.0,5.0,10.0,4.0,6.0,8.0
25.0,6.0,6.0,8.0,6.0,8.0,4.0,8.0,8.0,8.0,7.0,10.0,6.0,2.0,4.0,6.0
22.0,4.0,6.0,8.0,2.0,4.0,2.0,10.0,6.0,6.0,4.0,5.0,8.0,2.0,4.0,6.0
20.0,4.0,6.0,6.0,2.0,4.0,6.0,6.0,8.0,8.0,10.0,5.0,6.0,2.0,2.0,10.0
27.0,8.0,6.0,4.0,4.0,8.0,2.0,8.0,2.0,6.0,4.0,5.0,8.0,4.0,6.0,2.0
20.0,6.0,2.0,6.0,4.0,6.0,6.0,8.0,4.0,10.0,4.0,5.0,2.0,2.0,4.0,4.0
19.0,8.0,2.0,6.0,6.0,2.0,2.0,10.0,8.0,6.0,4.0,5.0,6.0,2.0,6.0,10.0
18.0,6.0,4.0,2.0,6.0,2.0,2.0,8.0,2.0,8.0,1.0,5.0,8.0,2.0,4.0,4.0
21.0,10.0,2.0,2.0,2.0,4.0,10.0,4.0,2.0,6.0,7.0,5.0,2.0,2.0,6.0,6.0
23.0,10.0,2.0,10.0,6.0,4.0,2.0,10.0,8.0,8.0,4.0,5.0,8.0,2.0,8.0,8.0
21.0,4.0,4.0,6.0,6.0,2.0,8.0,10.0,2.0,10.0,1.0,never,10.0,10.0,8.0,4.0
26.0,2.0,2.0,8.0,2.0,2.0,2.0,10.0,6.0,2.0,1.0,5.0,6.0,6.0,6.0,4.0
20.0,10.0,10.0,10.0,10.0,10.0,10.0,2.0,10.0,8.0,4.0,5.0,4.0,2.0,2.0,4.0
19.0,6.0,4.0,4.0,4.0,6.0,8.0,10.0,6.0,10.0,1.0,never,4.0,2.0,6.0,6.0
20.0,4.0,2.0,6.0,2.0,4.0,2.0,10.0,6.0,8.0,4.0,10.0,6.0,4.0,6.0,8.0
25.0,6.0,2.0,8.0,4.0,6.0,2.0,8.0,6.0,8.0,10.0,5.0,10.0,6.0,8.0,2.0
27.0,8.0,4.0,10.0,4.0,6.0,2.0,10.0,6.0,8.0,1.0,5.0,4.0,10.0,8.0,2.0
21.0,2.0,8.0,8.0,6.0,6.0,6.0,10.0,10.0,10.0,10.0,5.0,4.0,2.0,4.0,10.0
19.0,4.0,2.0,6.0,2.0,6.0,4.0,8.0,2.0,8.0,4.0,5.0,4.0,2.0,4.0,6.0
20.0,2.0,2.0,6.0,2.0,4.0,2.0,6.0,10.0,4.0,10.0,5.0,4.0,2.0,10.0,2.0
20.0,4.0,4.0,4.0,2.0,4.0,6.0,6.0,6.0,10.0,4.0,5.0,4.0,2.0,8.0,4.0
19.0,10.0,4.0,4.0,8.0,6.0,4.0,10.0,8.0,10.0,4.0,5.0,8.0,6.0,6.0,6.0
19.0,8.0,2.0,6.0,6.0,8.0,6.0,10.0,4.0,8.0,1.0,never,8.0,2.0,4.0,4.0
21.0,10.0,10.0,10.0,10.0,10.0,8.0,10.0,10.0,10.0,10.0,5.0,6.0,4.0,6.0,8.0
18.0,8.0,6.0,8.0,8.0,6.0,4.0,8.0,6.0,6.0,4.0,5.0,4.0,2.0,6.0,10.0
21.0,10.0,6.0,10.0,10.0,8.0,8.0,10.0,6.0,10.0,10.0,5.0,6.0,2.0,6.0,6.0
23.0,8.0,4.0,8.0,4.0,6.0,6.0,8.0,8.0,6.0,10.0,10.0,4.0,8.0,6.0,6.0
20.0,8.0,6.0,2.0,4.0,8.0,2.0,8.0,4.0,10.0,10.0,10.0,6.0,6.0,10.0,10.0
21.0,6.0,4.0,6.0,6.0,8.0,4.0,4.0,4.0,10.0,10.0,10.0,10.0,6.0,4.0,10.0
19.0,6.0,4.0,10.0,6.0,2.0,2.0,10.0,4.0,2.0,1.0,5.0,6.0,8.0,10.0,6.0
22.0,6.0,4.0,4.0,2.0,8.0,6.0,6.0,6.0,8.0,10.0,10.0,4.0,8.0,6.0,10.0
23.0,8.0,4.0,4.0,4.0,6.0,2.0,8.0,4.0,8.0,4.0,5.0,2.0,8.0,8.0,8.0
23.0,8.0,4.0,10.0,2.0,6.0,2.0,8.0,6.0,8.0,10.0,5.0,8.0,6.0,8.0,8.0
23.0,8.0,10.0,10.0,8.0,10.0,10.0,10.0,10.0,8.0,1.0,5.0,2.0,2.0,2.0,6.0
22.0,4.0,6.0,,2.0,6.0,2.0,4.0,10.0,6.0,4.0,5.0,2.0,2.0,4.0,8.0
18.0,2.0,2.0,6.0,2.0,4.0,2.0,8.0,4.0,10.0,7.0,5.0,10.0,2.0,2.0,10.0
17.0,4.0,4.0,6.0,2.0,4.0,6.0,6.0,8.0,6.0,4.0,5.0,2.0,2.0,6.0,10.0
20.0,4.0,4.0,8.0,4.0,6.0,8.0,10.0,6.0,6.0,4.0,5.0,6.0,2.0,6.0,6.0
24.0,4.0,4.0,8.0,6.0,8.0,2.0,10.0,8.0,2.0,1.0,never,6.0,2.0,4.0,2.0
18.0,4.0,2.0,6.0,4.0,8.0,10.0,6.0,2.0,10.0,4.0,10.0,6.0,6.0,8.0,8.0
20.0,2.0,2.0,2.0,2.0,2.0,2.0,10.0,2.0,8.0,4.0,5.0,6.0,8.0,6.0,6.0
17.0,4.0,4.0,10.0,4.0,6.0,2.0,10.0,10.0,6.0,7.0,5.0,6.0,4.0,6.0,6.0
20.0,8.0,2.0,4.0,6.0,2.0,2.0,8.0,8.0,2.0,4.0,never,2.0,2.0,6.0,6.0
28.0,4.0,4.0,4.0,4.0,4.0,4.0,10.0,8.0,10.0,7.0,5.0,10.0,2.0,10.0,4.0
21.0,4.0,4.0,6.0,4.0,4.0,2.0,10.0,10.0,4.0,7.0,5.0,6.0,4.0,6.0,10.0
22.0,10.0,8.0,4.0,2.0,2.0,2.0,4.0,10.0,2.0,4.0,5.0,2.0,2.0,6.0,2.0
20.0,6.0,8.0,6.0,8.0,8.0,8.0,2.0,6.0,10.0,4.0,10.0,2.0,8.0,4.0,8.0
18.0,4.0,2.0,8.0,2.0,2.0,2.0,4.0,8.0,4.0,4.0,5.0,8.0,2.0,4.0,8.0
21.0,4.0,4.0,10.0,2.0,4.0,4.0,10.0,8.0,8.0,4.0,5.0,4.0,2.0,2.0,6.0
24.0,2.0,8.0,8.0,4.0,10.0,2.0,10.0,8.0,6.0,1.0,never,10.0,2.0,4.0,8.0
21.0,6.0,8.0,8.0,8.0,6.0,4.0,10.0,10.0,10.0,7.0,5.0,10.0,2.0,6.0,10.0
19.0,4.0,4.0,8.0,4.0,6.0,4.0,8.0,8.0,10.0,4.0,5.0,4.0,6.0,6.0,10.0
22.0,6.0,4.0,8.0,2.0,6.0,4.0,10.0,8.0,8.0,4.0,5.0,4.0,2.0,6.0,8.0
18.0,6.0,2.0,2.0,6.0,4.0,10.0,2.0,2.0,10.0,1.0,5.0,10.0,2.0,10.0,10.0
22.0,8.0,4.0,10.0,2.0,8.0,6.0,10.0,6.0,10.0,7.0,5.0,10.0,2.0,4.0,10.0
19.0,10.0,8.0,2.0,2.0,10.0,10.0,2.0,8.0,10.0,7.0,10.0,4.0,4.0,6.0,10.0
22.0,10.0,10.0,6.0,6.0,4.0,8.0,6.0,2.0,8.0,4.0,5.0,4.0,6.0,6.0,10.0
24.0,6.0,6.0,8.0,6.0,6.0,6.0,8.0,8.0,10.0,10.0,5.0,2.0,2.0,8.0,10.0
18.0,4.0,4.0,8.0,2.0,6.0,4.0,8.0,6.0,10.0,7.0,5.0,8.0,2.0,2.0,4.0
21.0,10.0,2.0,10.0,2.0,10.0,2.0,10.0,2.0,10.0,7.0,10.0,2.0,8.0,10.0,10.0
22.0,8.0,2.0,6.0,4.0,8.0,6.0,6.0,2.0,10.0,4.0,5.0,10.0,8.0,6.0,6.0
19.0,6.0,2.0,6.0,4.0,2.0,2.0,6.0,2.0,8.0,4.0,5.0,10.0,2.0,6.0,10.0
18.0,,2.0,2.0,10.0,2.0,10.0,6.0,2.0,10.0,1.0,5.0,4.0,6.0,4.0,10.0
19.0,8.0,8.0,2.0,6.0,10.0,2.0,4.0,2.0,6.0,1.0,5.0,6.0,2.0,8.0,4.0
24.0,8.0,10.0,2.0,10.0,10.0,6.0,8.0,2.0,6.0,10.0,10.0,2.0,2.0,6.0,6.0
21.0,2.0,2.0,10.0,2.0,2.0,2.0,8.0,10.0,6.0,4.0,5.0,2.0,4.0,4.0,8.0
21.0,8.0,4.0,6.0,4.0,8.0,2.0,6.0,10.0,6.0,4.0,10.0,6.0,2.0,8.0,10.0
19.0,2.0,2.0,2.0,2.0,2.0,10.0,4.0,6.0,8.0,7.0,10.0,2.0,2.0,4.0,10.0
19.0,2.0,2.0,4.0,2.0,4.0,2.0,4.0,10.0,2.0,4.0,10.0,2.0,2.0,10.0,2.0
22.0,2.0,2.0,10.0,2.0,4.0,4.0,6.0,2.0,10.0,7.0,10.0,2.0,6.0,10.0,10.0
18.0,4.0,2.0,8.0,2.0,2.0,2.0,8.0,4.0,4.0,1.0,5.0,10.0,2.0,6.0,4.0
21.0,8.0,4.0,8.0,6.0,6.0,6.0,8.0,8.0,10.0,4.0,10.0,10.0,2.0,6.0,10.0
18.0,6.0,4.0,2.0,6.0,6.0,10.0,4.0,2.0,8.0,4.0,5.0,2.0,8.0,6.0,6.0
20.0,10.0,6.0,2.0,4.0,10.0,4.0,2.0,2.0,10.0,4.0,5.0,6.0,6.0,6.0,6.0
22.0,,4.0,10.0,4.0,8.0,2.0,10.0,10.0,2.0,4.0,10.0,4.0,2.0,4.0,2.0
21.0,8.0,4.0,6.0,6.0,8.0,8.0,4.0,6.0,8.0,4.0,10.0,2.0,2.0,2.0,8.0
24.0,6.0,2.0,2.0,6.0,6.0,10.0,4.0,2.0,8.0,1.0,5.0,4.0,2.0,4.0,6.0
19.0,10.0,10.0,8.0,8.0,8.0,2.0,8.0,8.0,10.0,7.0,5.0,6.0,2.0,8.0,6.0
18.0,4.0,2.0,2.0,2.0,8.0,8.0,4.0,2.0,8.0,4.0,5.0,8.0,2.0,2.0,2.0
17.0,8.0,2.0,4.0,4.0,2.0,8.0,4.0,4.0,8.0,1.0,5.0,10.0,2.0,10.0,4.0
18.0,8.0,8.0,4.0,4.0,4.0,10.0,6.0,4.0,10.0,4.0,10.0,4.0,4.0,8.0,10.0
21.0,6.0,4.0,8.0,10.0,10.0,2.0,8.0,2.0,8.0,7.0,10.0,4.0,6.0,6.0,8.0
22.0,10.0,4.0,8.0,6.0,8.0,4.0,6.0,6.0,8.0,4.0,5.0,10.0,8.0,10.0,10.0
20.0,8.0,4.0,8.0,4.0,8.0,4.0,6.0,2.0,6.0,1.0,5.0,8.0,2.0,6.0,8.0
21.0,2.0,6.0,8.0,4.0,2.0,4.0,8.0,,8.0,7.0,5.0,8.0,2.0,4.0,4.0
19.0,6.0,2.0,4.0,2.0,4.0,2.0,8.0,4.0,8.0,7.0,10.0,4.0,2.0,4.0,4.0
17.0,10.0,4.0,10.0,4.0,6.0,4.0,10.0,6.0,10.0,4.0,5.0,6.0,4.0,10.0,6.0
21.0,4.0,4.0,4.0,4.0,4.0,2.0,6.0,2.0,10.0,7.0,5.0,10.0,2.0,10.0,10.0
18.0,2.0,2.0,4.0,4.0,2.0,4.0,10.0,2.0,6.0,1.0,never,10.0,10.0,8.0,6.0
23.0,8.0,4.0,2.0,4.0,8.0,4.0,6.0,4.0,8.0,1.0,5.0,6.0,4.0,6.0,4.0
16.0,6.0,2.0,8.0,4.0,4.0,4.0,8.0,4.0,4.0,4.0,5.0,8.0,4.0,4.0,10.0
23.0,8.0,4.0,8.0,2.0,10.0,10.0,4.0,2.0,10.0,1.0,10.0,2.0,2.0,4.0,2.0
21.0,4.0,8.0,4.0,6.0,4.0,4.0,8.0,8.0,8.0,10.0,5.0,2.0,2.0,4.0,6.0
23.0,10.0,4.0,6.0,4.0,8.0,4.0,2.0,2.0,10.0,4.0,5.0,8.0,2.0,4.0,6.0
20.0,6.0,6.0,6.0,6.0,10.0,6.0,6.0,6.0,10.0,4.0,never,10.0,4.0,6.0,6.0
20.0,10.0,,2.0,8.0,8.0,6.0,6.0,2.0,10.0,10.0,5.0,2.0,2.0,4.0,6.0
20.0,6.0,4.0,6.0,6.0,10.0,6.0,4.0,4.0,8.0,1.0,5.0,8.0,4.0,6.0,10.0
20.0,6.0,2.0,8.0,2.0,2.0,2.0,8.0,8.0,8.0,4.0,5.0,8.0,2.0,8.0,4.0
19.0,8.0,8.0,6.0,6.0,6.0,6.0,8.0,6.0,8.0,4.0,5.0,8.0,4.0,6.0,10.0
15.0,10.0,10.0,10.0,2.0,2.0,10.0,10.0,4.0,10.0,1.0,never,10.0,10.0,10.0,6.0
20.0,4.0,2.0,10.0,6.0,8.0,4.0,8.0,4.0,10.0,1.0,5.0,10.0,4.0,4.0,10.0
19.0,8.0,2.0,4.0,2.0,4.0,6.0,4.0,2.0,10.0,,,8.0,4.0,2.0,10.0
18.0,4.0,2.0,6.0,2.0,2.0,2.0,8.0,10.0,4.0,7.0,5.0,2.0,2.0,6.0,6.0
15.0,2.0,2.0,6.0,2.0,6.0,2.0,8.0,4.0,8.0,4.0,never,8.0,6.0,10.0,8.0
20.0,8.0,2.0,4.0,8.0,10.0,2.0,2.0,2.0,6.0,4.0,5.0,10.0,2.0,4.0,8.0
16.0,6.0,6.0,8.0,6.0,8.0,2.0,6.0,8.0,6.0,7.0,5.0,10.0,6.0,10.0,10.0
18.0,10.0,6.0,4.0,2.0,8.0,8.0,6.0,6.0,10.0,10.0,10.0,4.0,2.0,6.0,8.0
21.0,6.0,4.0,8.0,6.0,2.0,2.0,8.0,10.0,6.0,1.0,never,10.0,2.0,8.0,10.0
20.0,8.0,6.0,4.0,6.0,8.0,2.0,4.0,6.0,2.0,1.0,never,,2.0,8.0,6.0
19.0,6.0,4.0,10.0,6.0,8.0,2.0,10.0,10.0,8.0,4.0,5.0,8.0,2.0,8.0,10.0
19.0,4.0,2.0,6.0,4.0,10.0,4.0,8.0,4.0,8.0,4.0,5.0,10.0,2.0,6.0,8.0
19.0,6.0,2.0,2.0,6.0,2.0,10.0,6.0,8.0,10.0,10.0,5.0,6.0,2.0,6.0,8.0
20.0,2.0,2.0,8.0,4.0,2.0,4.0,8.0,10.0,8.0,7.0,5.0,10.0,6.0,6.0,8.0
21.0,6.0,4.0,6.0,2.0,4.0,2.0,,4.0,10.0,1.0,5.0,2.0,2.0,8.0,2.0
19.0,4.0,2.0,8.0,2.0,2.0,2.0,4.0,2.0,8.0,10.0,5.0,10.0,4.0,6.0,8.0
21.0,8.0,2.0,10.0,4.0,2.0,6.0,10.0,10.0,8.0,4.0,never,6.0,2.0,6.0,4.0
18.0,4.0,6.0,6.0,4.0,4.0,8.0,6.0,10.0,10.0,1.0,5.0,2.0,4.0,8.0,6.0
20.0,6.0,8.0,8.0,8.0,4.0,4.0,10.0,8.0,6.0,1.0,5.0,4.0,4.0,4.0,4.0
19.0,6.0,2.0,2.0,6.0,2.0,4.0,2.0,6.0,4.0,,never,4.0,2.0,6.0,4.0
22.0,8.0,6.0,4.0,4.0,8.0,10.0,6.0,2.0,10.0,4.0,never,4.0,6.0,4.0,2.0
20.0,6.0,2.0,6.0,2.0,8.0,8.0,4.0,4.0,8.0,4.0,never,6.0,2.0,6.0,2.0
25.0,6.0,4.0,10.0,4.0,6.0,4.0,8.0,8.0,8.0,4.0,10.0,10.0,2.0,10.0,10.0
21.0,6.0,4.0,10.0,4.0,8.0,2.0,8.0,8.0,4.0,4.0,5.0,8.0,4.0,8.0,8.0
24.0,10.0,8.0,2.0,4.0,6.0,8.0,2.0,4.0,10.0,7.0,10.0,4.0,4.0,4.0,4.0
19.0,10.0,6.0,8.0,6.0,8.0,4.0,6.0,6.0,6.0,4.0,5.0,6.0,10.0,10.0,10.0
25.0,8.0,6.0,4.0,8.0,4.0,4.0,6.0,6.0,10.0,1.0,10.0,2.0,6.0,10.0,10.0
26.0,4.0,8.0,8.0,8.0,4.0,8.0,8.0,4.0,8.0,7.0,5.0,4.0,2.0,4.0,8.0
15.0,6.0,2.0,8.0,4.0,8.0,2.0,10.0,8.0,8.0,4.0,never,8.0,2.0,10.0,10.0
20.0,10.0,6.0,8.0,8.0,6.0,6.0,8.0,6.0,10.0,4.0,5.0,6.0,4.0,4.0,6.0
19.0,4.0,2.0,6.0,4.0,8.0,8.0,2.0,6.0,10.0,4.0,5.0,2.0,2.0,6.0,10.0
20.0,4.0,4.0,4.0,4.0,4.0,6.0,8.0,8.0,10.0,10.0,5.0,6.0,8.0,10.0,4.0
21.0,10.0,8.0,6.0,10.0,6.0,2.0,8.0,10.0,6.0,4.0,5.0,4.0,2.0,6.0,4.0
22.0,4.0,2.0,6.0,2.0,2.0,4.0,8.0,2.0,6.0,10.0,5.0,2.0,2.0,8.0,2.0
20.0,6.0,2.0,8.0,4.0,8.0,2.0,8.0,4.0,,10.0,5.0,8.0,4.0,6.0,10.0
20.0,6.0,8.0,10.0,4.0,6.0,2.0,8.0,10.0,2.0,4.0,5.0,4.0,6.0,2.0,10.0
21.0,6.0,2.0,2.0,4.0,2.0,10.0,2.0,2.0,6.0,7.0,10.0,4.0,6.0,6.0,2.0
21.0,,4.0,6.0,4.0,6.0,6.0,6.0,8.0,8.0,10.0,10.0,4.0,4.0,8.0,10.0
20.0,8.0,4.0,8.0,2.0,6.0,2.0,8.0,6.0,8.0,4.0,5.0,4.0,2.0,10.0,10.0
19.0,8.0,4.0,4.0,2.0,6.0,8.0,6.0,2.0,10.0,10.0,5.0,6.0,6.0,8.0,8.0
19.0,4.0,4.0,4.0,6.0,10.0,4.0,6.0,4.0,8.0,1.0,10.0,2.0,8.0,8.0,4.0
20.0,8.0,4.0,6.0,2.0,6.0,2.0,8.0,8.0,8.0,4.0,5.0,4.0,2.0,8.0,10.0
22.0,8.0,6.0,4.0,6.0,8.0,10.0,4.0,4.0,10.0,4.0,5.0,8.0,2.0,10.0,6.0
21.0,8.0,4.0,4.0,2.0,4.0,2.0,6.0,4.0,4.0,1.0,5.0,4.0,2.0,8.0,4.0
26.0,6.0,6.0,2.0,10.0,2.0,2.0,2.0,2.0,2.0,7.0,5.0,6.0,6.0,6.0,6.0
17.0,10.0,2.0,2.0,2.0,8.0,10.0,6.0,6.0,10.0,1.0,never,6.0,6.0,6.0,10.0
22.0,2.0,2.0,6.0,,6.0,10.0,6.0,4.0,10.0,7.0,5.0,4.0,2.0,4.0,4.0
26.0,8.0,4.0,2.0,8.0,6.0,10.0,2.0,2.0,10.0,4.0,never,2.0,4.0,6.0,6.0
20.0,10.0,6.0,2.0,6.0,4.0,8.0,4.0,2.0,8.0,4.0,5.0,8.0,2.0,6.0,6.0
22.0,10.0,4.0,2.0,4.0,8.0,4.0,2.0,2.0,2.0,4.0,never,8.0,6.0,4.0,8.0
21.0,6.0,2.0,4.0,2.0,2.0,8.0,4.0,4.0,10.0,10.0,5.0,2.0,2.0,6.0,10.0
23.0,8.0,6.0,8.0,6.0,10.0,6.0,6.0,8.0,8.0,1.0,5.0,4.0,2.0,4.0,10.0
19.0,8.0,4.0,8.0,6.0,6.0,8.0,8.0,4.0,10.0,4.0,5.0,4.0,4.0,4.0,8.0
20.0,4.0,2.0,6.0,4.0,8.0,2.0,8.0,10.0,6.0,4.0,10.0,4.0,2.0,4.0,4.0
21.0,6.0,4.0,4.0,4.0,8.0,2.0,4.0,2.0,10.0,7.0,10.0,8.0,4.0,10.0,10.0
19.0,4.0,2.0,6.0,2.0,6.0,2.0,6.0,8.0,4.0,1.0,never,10.0,2.0,4.0,10.0
29.0,6.0,4.0,4.0,8.0,6.0,2.0,8.0,2.0,4.0,4.0,5.0,8.0,2.0,4.0,4.0
22.0,4.0,4.0,2.0,4.0,4.0,4.0,8.0,2.0,6.0,1.0,5.0,10.0,2.0,10.0,8.0
19.0,10.0,4.0,6.0,6.0,4.0,2.0,6.0,6.0,6.0,1.0,5.0,4.0,8.0,4.0,8.0
17.0,10.0,4.0,2.0,6.0,2.0,10.0,2.0,2.0,8.0,1.0,5.0,6.0,2.0,8.0,6.0
16.0,8.0,4.0,4.0,4.0,4.0,10.0,4.0,4.0,8.0,1.0,5.0,8.0,8.0,8.0,8.0
29.0,8.0,4.0,4.0,10.0,8.0,2.0,10.0,2.0,4.0,7.0,5.0,10.0,2.0,4.0,10.0
18.0,6.0,4.0,8.0,2.0,2.0,2.0,10.0,10.0,8.0,10.0,5.0,8.0,2.0,10.0,10.0
26.0,10.0,6.0,2.0,8.0,6.0,10.0,2.0,2.0,10.0,4.0,never,2.0,4.0,6.0,6.0
19.0,6.0,2.0,2.0,4.0,2.0,4.0,4.0,4.0,8.0,10.0,10.0,6.0,2.0,6.0,10.0
19.0,6.0,4.0,4.0,4.0,6.0,2.0,4.0,10.0,6.0,10.0,never,6.0,6.0,6.0,8.0
20.0,4.0,4.0,4.0,4.0,6.0,6.0,8.0,8.0,8.0,4.0,5.0,10.0,2.0,4.0,8.0
22.0,2.0,6.0,6.0,4.0,4.0,2.0,4.0,6.0,4.0,4.0,5.0,8.0,8.0,6.0,10.0
20.0,4.0,4.0,6.0,8.0,4.0,6.0,6.0,10.0,10.0,10.0,10.0,2.0,2.0,2.0,2.0
21.0,2.0,2.0,8.0,2.0,2.0,2.0,4.0,8.0,6.0,7.0,5.0,6.0,4.0,6.0,8.0
21.0,8.0,4.0,6.0,2.0,6.0,8.0,8.0,10.0,8.0,4.0,5.0,6.0,2.0,10.0,10.0
18.0,6.0,6.0,4.0,8.0,2.0,,10.0,10.0,10.0,4.0,5.0,10.0,10.0,6.0,6.0
15.0,2.0,2.0,10.0,2.0,2.0,2.0,6.0,10.0,4.0,1.0,never,2.0,6.0,6.0,8.0
19.0,6.0,4.0,8.0,4.0,4.0,6.0,8.0,6.0,10.0,10.0,5.0,10.0,2.0,6.0,6.0
24.0,6.0,4.0,6.0,6.0,8.0,8.0,4.0,4.0,10.0,1.0,10.0,6.0,6.0,6.0,10.0
19.0,10.0,6.0,4.0,8.0,8.0,6.0,8.0,2.0,8.0,1.0,5.0,8.0,8.0,6.0,8.0
25.0,10.0,4.0,10.0,4.0,8.0,8.0,6.0,2.0,8.0,4.0,10.0,4.0,6.0,6.0,6.0
20.0,8.0,6.0,4.0,6.0,6.0,2.0,6.0,4.0,6.0,4.0,5.0,10.0,2.0,8.0,2.0
19.0,6.0,2.0,6.0,4.0,10.0,2.0,8.0,8.0,8.0,10.0,5.0,6.0,10.0,6.0,8.0
21.0,8.0,6.0,8.0,6.0,10.0,8.0,4.0,10.0,10.0,1.0,5.0,8.0,2.0,8.0,4.0
23.0,10.0,10.0,10.0,10.0,8.0,8.0,8.0,8.0,10.0,4.0,5.0,8.0,10.0,6.0,10.0
21.0,4.0,4.0,10.0,2.0,8.0,2.0,10.0,10.0,10.0,4.0,5.0,6.0,6.0,6.0,8.0
20.0,10.0,6.0,2.0,6.0,8.0,4.0,4.0,6.0,8.0,4.0,10.0,2.0,2.0,4.0,8.0
20.0,6.0,6.0,8.0,4.0,4.0,4.0,10.0,8.0,10.0,1.0,5.0,2.0,2.0,8.0,2.0
18.0,6.0,4.0,4.0,4.0,10.0,8.0,6.0,4.0,10.0,4.0,5.0,10.0,4.0,8.0,8.0
27.0,2.0,2.0,4.0,4.0,2.0,2.0,6.0,10.0,2.0,7.0,5.0,2.0,2.0,4.0,6.0
17.0,2.0,2.0,2.0,2.0,2.0,10.0,2.0,4.0,8.0,10.0,10.0,8.0,2.0,6.0,4.0
19.0,4.0,6.0,8.0,2.0,4.0,2.0,8.0,6.0,6.0,1.0,5.0,8.0,4.0,6.0,4.0
18.0,4.0,6.0,4.0,2.0,2.0,2.0,8.0,8.0,6.0,4.0,5.0,2.0,2.0,8.0,10.0
26.0,2.0,2.0,10.0,2.0,2.0,2.0,6.0,10.0,2.0,10.0,5.0,2.0,2.0,4.0,6.0
18.0,8.0,6.0,8.0,6.0,8.0,2.0,2.0,10.0,6.0,4.0,10.0,2.0,2.0,4.0,8.0
30.0,8.0,2.0,8.0,10.0,10.0,10.0,6.0,10.0,10.0,10.0,10.0,2.0,2.0,4.0,4.0
24.0,8.0,8.0,6.0,4.0,8.0,6.0,10.0,4.0,10.0,1.0,5.0,10.0,2.0,10.0,8.0
20.0,6.0,4.0,6.0,6.0,8.0,4.0,8.0,8.0,4.0,4.0,5.0,6.0,2.0,4.0,10.0
20.0,10.0,6.0,4.0,4.0,4.0,6.0,8.0,6.0,10.0,4.0,5.0,6.0,6.0,8.0,10.0
20.0,8.0,4.0,4.0,6.0,8.0,4.0,4.0,6.0,10.0,4.0,5.0,2.0,2.0,6.0,8.0
25.0,,8.0,10.0,10.0,4.0,6.0,8.0,10.0,10.0,4.0,5.0,6.0,10.0,10.0,10.0
19.0,10.0,6.0,4.0,8.0,10.0,6.0,4.0,4.0,8.0,7.0,5.0,4.0,2.0,2.0,8.0
20.0,8.0,6.0,6.0,10.0,10.0,2.0,6.0,2.0,6.0,4.0,5.0,4.0,2.0,6.0,4.0
21.0,2.0,8.0,8.0,4.0,6.0,2.0,8.0,4.0,6.0,4.0,5.0,4.0,2.0,4.0,6.0
19.0,10.0,8.0,4.0,10.0,6.0,2.0,10.0,8.0,6.0,4.0,10.0,6.0,4.0,4.0,10.0
19.0,4.0,6.0,6.0,4.0,6.0,6.0,8.0,2.0,10.0,4.0,5.0,10.0,6.0,6.0,10.0
19.0,8.0,8.0,2.0,4.0,10.0,4.0,4.0,6.0,6.0,1.0,5.0,4.0,8.0,10.0,10.0
18.0,8.0,4.0,8.0,4.0,4.0,8.0,8.0,8.0,8.0,10.0,5.0,8.0,4.0,4.0,8.0
18.0,4.0,6.0,8.0,8.0,2.0,8.0,8.0,4.0,10.0,1.0,5.0,4.0,6.0,8.0,4.0
16.0,6.0,2.0,2.0,2.0,6.0,8.0,6.0,2.0,10.0,4.0,never,4.0,2.0,6.0,6.0
19.0,6.0,4.0,6.0,6.0,6.0,6.0,8.0,4.0,8.0,4.0,10.0,8.0,10.0,4.0,2.0
18.0,6.0,2.0,8.0,4.0,6.0,2.0,8.0,10.0,6.0,7.0,5.0,8.0,4.0,4.0,10.0
19.0,4.0,4.0,4.0,2.0,4.0,2.0,8.0,10.0,4.0,7.0,10.0,6.0,4.0,4.0,6.0
21.0,10.0,2.0,8.0,4.0,8.0,2.0,4.0,6.0,8.0,7.0,5.0,10.0,2.0,4.0,8.0
21.0,2.0,2.0,4.0,2.0,4.0,4.0,4.0,4.0,6.0,7.0,never,4.0,4.0,6.0,4.0
18.0,6.0,2.0,4.0,2.0,6.0,2.0,6.0,10.0,6.0,4.0,5.0,4.0,2.0,4.0,8.0
21.0,4.0,2.0,6.0,4.0,4.0,2.0,10.0,2.0,8.0,1.0,never,8.0,2.0,6.0,2.0
17.0,8.0,4.0,4.0,2.0,8.0,2.0,10.0,2.0,10.0,1.0,5.0,10.0,10.0,10.0,10.0
20.0,6.0,8.0,10.0,4.0,6.0,4.0,10.0,4.0,10.0,4.0,5.0,6.0,2.0,4.0,10.0
19.0,4.0,6.0,4.0,6.0,8.0,6.0,6.0,8.0,8.0,4.0,5.0,4.0,2.0,6.0,10.0
27.0,8.0,6.0,6.0,4.0,8.0,4.0,8.0,6.0,10.0,4.0,never,2.0,4.0,4.0,4.0
22.0,8.0,2.0,6.0,4.0,10.0,4.0,6.0,6.0,10.0,7.0,10.0,6.0,2.0,6.0,8.0
19.0,8.0,2.0,8.0,2.0,4.0,8.0,8.0,8.0,10.0,4.0,5.0,6.0,2.0,6.0,10.0
19.0,8.0,8.0,6.0,8.0,8.0,8.0,10.0,4.0,10.0,1.0,5.0,8.0,2.0,6.0,10.0
20.0,4.0,2.0,6.0,4.0,4.0,4.0,8.0,8.0,6.0,4.0,5.0,8.0,4.0,6.0,10.0
19.0,6.0,4.0,10.0,4.0,6.0,4.0,10.0,8.0,10.0,4.0,5.0,6.0,2.0,4.0,10.0
20.0,6.0,6.0,4.0,4.0,6.0,2.0,8.0,4.0,10.0,1.0,5.0,10.0,4.0,10.0,10.0
17.0,2.0,4.0,6.0,2.0,2.0,2.0,6.0,2.0,2.0,4.0,5.0,10.0,2.0,8.0,4.0
23.0,4.0,4.0,10.0,6.0,2.0,2.0,10.0,8.0,6.0,10.0,5.0,10.0,2.0,10.0,2.0
20.0,10.0,8.0,4.0,10.0,8.0,8.0,6.0,6.0,10.0,1.0,5.0,8.0,6.0,6.0,4.0
20.0,2.0,4.0,6.0,8.0,2.0,2.0,10.0,6.0,4.0,10.0,5.0,10.0,2.0,2.0,8.0
19.0,6.0,4.0,10.0,6.0,6.0,6.0,8.0,8.0,8.0,4.0,5.0,2.0,4.0,4.0,8.0
20.0,10.0,2.0,2.0,4.0,8.0,10.0,2.0,2.0,10.0,4.0,5.0,6.0,2.0,4.0,10.0
19.0,4.0,6.0,6.0,6.0,6.0,4.0,6.0,4.0,8.0,10.0,5.0,4.0,10.0,6.0,6.0
19.0,6.0,6.0,6.0,6.0,6.0,6.0,6.0,6.0,6.0,4.0,never,6.0,6.0,6.0,6.0
18.0,4.0,6.0,8.0,4.0,2.0,2.0,10.0,4.0,4.0,1.0,5.0,8.0,4.0,8.0,10.0
19.0,10.0,4.0,6.0,8.0,10.0,4.0,4.0,6.0,10.0,7.0,5.0,8.0,4.0,10.0,10.0
15.0,4.0,4.0,10.0,4.0,4.0,4.0,10.0,8.0,8.0,10.0,10.0,4.0,2.0,2.0,10.0
19.0,6.0,2.0,6.0,6.0,6.0,6.0,10.0,10.0,8.0,7.0,5.0,8.0,6.0,6.0,10.0
15.0,4.0,2.0,6.0,4.0,6.0,2.0,10.0,8.0,4.0,4.0,5.0,8.0,10.0,6.0,10.0
19.0,6.0,4.0,6.0,6.0,8.0,2.0,8.0,4.0,8.0,4.0,5.0,10.0,2.0,8.0,6.0
21.0,8.0,8.0,8.0,6.0,4.0,8.0,4.0,6.0,8.0,1.0,never,2.0,2.0,2.0,4.0
19.0,4.0,2.0,6.0,4.0,6.0,2.0,10.0,4.0,4.0,1.0,never,10.0,2.0,4.0,4.0
17.0,8.0,4.0,6.0,2.0,2.0,6.0,6.0,2.0,10.0,4.0,5.0,6.0,4.0,6.0,6.0
23.0,2.0,2.0,6.0,4.0,10.0,8.0,8.0,10.0,10.0,10.0,5.0,8.0,4.0,6.0,8.0
24.0,2.0,2.0,8.0,6.0,8.0,10.0,8.0,10.0,10.0,1.0,5.0,8.0,2.0,4.0,8.0
19.0,10.0,6.0,4.0,8.0,8.0,10.0,4.0,4.0,10.0,7.0,5.0,10.0,6.0,6.0,10.0
19.0,8.0,4.0,8.0,4.0,10.0,4.0,8.0,8.0,8.0,7.0,10.0,4.0,4.0,6.0,10.0
22.0,4.0,6.0,10.0,6.0,4.0,2.0,8.0,8.0,6.0,10.0,5.0,8.0,4.0,4.0,10.0
20.0,8.0,8.0,6.0,6.0,8.0,8.0,6.0,4.0,8.0,7.0,10.0,8.0,4.0,8.0,10.0
21.0,4.0,10.0,10.0,6.0,2.0,8.0,10.0,2.0,10.0,4.0,never,8.0,2.0,8.0,8.0
19.0,6.0,6.0,4.0,2.0,6.0,6.0,8.0,4.0,10.0,4.0,5.0,4.0,6.0,8.0,6.0
19.0,8.0,4.0,6.0,10.0,4.0,4.0,6.0,10.0,8.0,4.0,5.0,2.0,2.0,6.0,6.0
20.0,4.0,4.0,8.0,4.0,2.0,2.0,8.0,6.0,6.0,10.0,5.0,10.0,2.0,8.0,6.0
18.0,6.0,2.0,8.0,4.0,4.0,10.0,4.0,4.0,10.0,10.0,5.0,10.0,4.0,10.0,10.0
19.0,8.0,6.0,8.0,4.0,10.0,8.0,4.0,8.0,8.0,7.0,10.0,8.0,2.0,8.0,8.0
20.0,2.0,4.0,2.0,2.0,2.0,2.0,6.0,2.0,4.0,4.0,never,6.0,8.0,6.0,6.0
22.0,6.0,6.0,8.0,4.0,10.0,4.0,8.0,8.0,8.0,1.0,5.0,4.0,2.0,2.0,10.0
20.0,2.0,2.0,2.0,2.0,2.0,2.0,2.0,2.0,2.0,1.0,5.0,2.0,2.0,2.0,4.0
20.0,6.0,2.0,6.0,2.0,4.0,2.0,10.0,6.0,10.0,4.0,5.0,6.0,2.0,4.0,8.0
27.0,8.0,4.0,6.0,4.0,6.0,2.0,8.0,10.0,8.0,7.0,5.0,6.0,10.0,6.0,10.0
19.0,6.0,2.0,6.0,2.0,6.0,4.0,8.0,8.0,8.0,7.0,5.0,8.0,4.0,6.0,10.0
22.0,6.0,,10.0,6.0,4.0,4.0,4.0,8.0,6.0,4.0,never,2.0,2.0,6.0,6.0
19.0,6.0,4.0,8.0,4.0,4.0,4.0,8.0,8.0,8.0,10.0,10.0,8.0,2.0,4.0,10.0
20.0,4.0,2.0,8.0,2.0,8.0,2.0,8.0,8.0,8.0,4.0,5.0,8.0,8.0,8.0,8.0
20.0,6.0,6.0,6.0,6.0,6.0,8.0,6.0,6.0,10.0,4.0,5.0,8.0,2.0,4.0,8.0
21.0,4.0,6.0,10.0,4.0,6.0,2.0,10.0,6.0,8.0,1.0,5.0,8.0,2.0,6.0,8.0
16.0,8.0,4.0,4.0,4.0,6.0,8.0,2.0,2.0,10.0,4.0,never,10.0,8.0,8.0,10.0
19.0,8.0,2.0,4.0,4.0,8.0,2.0,6.0,,8.0,7.0,never,6.0,2.0,8.0,6.0
18.0,6.0,10.0,6.0,4.0,6.0,6.0,8.0,4.0,10.0,4.0,10.0,4.0,6.0,4.0,6.0
23.0,2.0,2.0,10.0,2.0,2.0,4.0,10.0,4.0,6.0,7.0,10.0,2.0,2.0,2.0,10.0
19.0,6.0,4.0,4.0,2.0,6.0,4.0,4.0,2.0,6.0,7.0,5.0,4.0,4.0,8.0,8.0
19.0,4.0,6.0,10.0,4.0,8.0,2.0,8.0,10.0,6.0,4.0,10.0,8.0,4.0,6.0,4.0
22.0,6.0,2.0,8.0,2.0,6.0,2.0,4.0,10.0,8.0,4.0,5.0,6.0,2.0,4.0,8.0
18.0,10.0,4.0,2.0,10.0,6.0,10.0,4.0,2.0,8.0,4.0,5.0,10.0,2.0,4.0,4.0
20.0,10.0,2.0,2.0,4.0,4.0,10.0,2.0,2.0,10.0,1.0,5.0,2.0,4.0,4.0,2.0
19.0,4.0,2.0,10.0,8.0,2.0,4.0,10.0,10.0,10.0,4.0,5.0,10.0,2.0,6.0,6.0
25.0,4.0,8.0,4.0,4.0,4.0,8.0,8.0,8.0,10.0,1.0,5.0,10.0,2.0,8.0,6.0
18.0,8.0,2.0,4.0,4.0,4.0,4.0,8.0,4.0,8.0,10.0,5.0,6.0,2.0,6.0,8.0
20.0,4.0,2.0,6.0,4.0,6.0,4.0,4.0,4.0,10.0,10.0,5.0,4.0,8.0,6.0,4.0
15.0,6.0,6.0,10.0,6.0,10.0,4.0,6.0,8.0,8.0,1.0,5.0,10.0,10.0,8.0,10.0
19.0,4.0,6.0,2.0,8.0,10.0,8.0,4.0,2.0,10.0,1.0,never,2.0,8.0,10.0,8.0
19.0,6.0,6.0,10.0,4.0,2.0,2.0,8.0,6.0,6.0,4.0,never,8.0,4.0,6.0,4.0
16.0,6.0,2.0,8.0,4.0,2.0,2.0,6.0,8.0,8.0,1.0,never,4.0,2.0,4.0,8.0
19.0,6.0,2.0,8.0,2.0,2.0,4.0,8.0,2.0,8.0,4.0,5.0,4.0,4.0,8.0,6.0
18.0,10.0,4.0,10.0,10.0,10.0,4.0,10.0,10.0,10.0,7.0,5.0,6.0,2.0,6.0,2.0
15.0,4.0,2.0,4.0,2.0,6.0,6.0,6.0,6.0,8.0,4.0,5.0,4.0,2.0,6.0,10.0
20.0,8.0,4.0,6.0,4.0,6.0,2.0,8.0,8.0,4.0,10.0,5.0,4.0,6.0,4.0,4.0
20.0,8.0,10.0,10.0,8.0,10.0,10.0,10.0,4.0,10.0,1.0,never,6.0,2.0,4.0,10.0
20.0,6.0,2.0,2.0,2.0,2.0,2.0,10.0,4.0,4.0,4.0,5.0,4.0,6.0,6.0,10.0
20.0,2.0,2.0,8.0,2.0,2.0,2.0,6.0,6.0,6.0,7.0,5.0,6.0,2.0,4.0,4.0
19.0,4.0,4.0,10.0,4.0,4.0,2.0,6.0,4.0,10.0,4.0,5.0,2.0,2.0,6.0,6.0
16.0,6.0,8.0,4.0,6.0,8.0,2.0,6.0,6.0,2.0,1.0,5.0,6.0,6.0,6.0,6.0
18.0,8.0,4.0,8.0,6.0,8.0,2.0,10.0,6.0,8.0,7.0,5.0,8.0,4.0,2.0,8.0
20.0,4.0,4.0,6.0,4.0,4.0,8.0,6.0,4.0,10.0,4.0,5.0,4.0,6.0,6.0,6.0
16.0,6.0,8.0,6.0,4.0,6.0,4.0,8.0,10.0,10.0,1.0,never,6.0,6.0,6.0,6.0
18.0,8.0,2.0,4.0,4.0,6.0,10.0,4.0,2.0,10.0,4.0,5.0,2.0,4.0,4.0,2.0
20.0,10.0,8.0,4.0,2.0,2.0,2.0,10.0,2.0,8.0,1.0,5.0,2.0,4.0,8.0,8.0
18.0,4.0,4.0,8.0,4.0,6.0,4.0,10.0,4.0,6.0,1.0,5.0,6.0,4.0,6.0,8.0
19.0,6.0,6.0,8.0,8.0,4.0,8.0,8.0,10.0,8.0,4.0,5.0,4.0,6.0,6.0,4.0
19.0,6.0,4.0,6.0,4.0,6.0,4.0,10.0,4.0,8.0,1.0,5.0,10.0,2.0,2.0,10.0
20.0,8.0,2.0,6.0,4.0,6.0,2.0,10.0,10.0,6.0,4.0,5.0,8.0,2.0,6.0,6.0
18.0,4.0,8.0,6.0,6.0,6.0,8.0,4.0,4.0,10.0,4.0,5.0,2.0,2.0,6.0,6.0
17.0,6.0,6.0,8.0,4.0,4.0,2.0,8.0,8.0,8.0,1.0,10.0,10.0,6.0,10.0,8.0
22.0,8.0,2.0,8.0,4.0,6.0,6.0,6.0,6.0,10.0,4.0,5.0,6.0,4.0,4.0,
17.0,6.0,6.0,6.0,4.0,10.0,4.0,4.0,10.0,10.0,7.0,5.0,2.0,2.0,6.0,4.0
22.0,6.0,6.0,6.0,4.0,2.0,2.0,6.0,4.0,4.0,4.0,5.0,10.0,2.0,10.0,6.0
16.0,6.0,6.0,6.0,4.0,6.0,4.0,10.0,6.0,8.0,1.0,never,8.0,2.0,6.0,8.0
24.0,4.0,6.0,4.0,6.0,8.0,4.0,4.0,4.0,6.0,1.0,never,10.0,2.0,10.0,8.0
17.0,6.0,4.0,8.0,6.0,8.0,4.0,8.0,8.0,8.0,4.0,5.0,4.0,8.0,8.0,4.0
17.0,6.0,4.0,6.0,2.0,6.0,2.0,10.0,6.0,6.0,1.0,never,4.0,2.0,4.0,10.0
17.0,6.0,4.0,10.0,2.0,4.0,2.0,6.0,10.0,6.0,4.0,10.0,2.0,2.0,4.0,10.0
15.0,8.0,,,,2.0,4.0,6.0,4.0,10.0,1.0,5.0,10.0,4.0,8.0,10.0
18.0,10.0,2.0,4.0,4.0,6.0,10.0,4.0,2.0,10.0,4.0,5.0,2.0,4.0,6.0,2.0
18.0,10.0,4.0,2.0,6.0,4.0,2.0,4.0,6.0,6.0,4.0,5.0,10.0,6.0,4.0,6.0
16.0,2.0,2.0,2.0,2.0,2.0,4.0,4.0,10.0,4.0,7.0,5.0,2.0,10.0,10.0,10.0
20.0,4.0,4.0,6.0,4.0,6.0,2.0,6.0,8.0,6.0,4.0,5.0,6.0,4.0,4.0,6.0
29.0,4.0,4.0,6.0,10.0,4.0,4.0,10.0,2.0,8.0,4.0,5.0,10.0,4.0,6.0,10.0
24.0,2.0,8.0,4.0,8.0,2.0,2.0,10.0,4.0,6.0,4.0,5.0,10.0,2.0,4.0,4.0
18.0,2.0,2.0,8.0,4.0,4.0,6.0,8.0,4.0,8.0,4.0,5.0,8.0,6.0,6.0,6.0
17.0,2.0,2.0,2.0,2.0,2.0,2.0,6.0,10.0,6.0,10.0,10.0,6.0,2.0,4.0,10.0
18.0,4.0,4.0,6.0,4.0,,8.0,8.0,4.0,8.0,4.0,10.0,6.0,10.0,8.0,10.0
16.0,10.0,4.0,6.0,10.0,10.0,2.0,8.0,2.0,4.0,1.0,never,2.0,2.0,6.0,6.0
17.0,4.0,2.0,10.0,4.0,6.0,2.0,10.0,6.0,4.0,1.0,5.0,8.0,8.0,4.0,10.0
20.0,2.0,4.0,8.0,4.0,2.0,6.0,8.0,4.0,8.0,4.0,5.0,4.0,4.0,4.0,10.0
16.0,10.0,8.0,6.0,4.0,8.0,4.0,10.0,2.0,10.0,4.0,5.0,8.0,2.0,6.0,8.0
19.0,4.0,6.0,4.0,2.0,2.0,10.0,4.0,2.0,10.0,4.0,5.0,8.0,8.0,8.0,8.0
18.0,6.0,4.0,6.0,2.0,4.0,2.0,8.0,8.0,4.0,7.0,5.0,8.0,4.0,8.0,10.0
20.0,8.0,4.0,6.0,6.0,4.0,4.0,8.0,6.0,8.0,7.0,5.0,8.0,2.0,2.0,4.0
19.0,2.0,6.0,4.0,2.0,2.0,2.0,8.0,10.0,6.0,7.0,10.0,4.0,6.0,6.0,10.0
18.0,8.0,8.0,6.0,6.0,6.0,6.0,10.0,8.0,10.0,4.0,5.0,2.0,2.0,2.0,8.0
21.0,4.0,2.0,6.0,2.0,4.0,8.0,4.0,10.0,8.0,1.0,never,6.0,2.0,6.0,4.0
19.0,4.0,6.0,10.0,6.0,6.0,4.0,6.0,6.0,10.0,10.0,5.0,2.0,4.0,6.0,6.0
20.0,6.0,8.0,8.0,4.0,4.0,2.0,10.0,8.0,4.0,10.0,5.0,6.0,2.0,6.0,8.0
23.0,2.0,4.0,8.0,2.0,6.0,2.0,10.0,10.0,10.0,1.0,5.0,10.0,8.0,8.0,6.0
19.0,10.0,10.0,6.0,10.0,10.0,8.0,4.0,6.0,10.0,4.0,5.0,10.0,6.0,2.0,4.0
19.0,8.0,4.0,4.0,6.0,,8.0,6.0,4.0,10.0,1.0,5.0,8.0,8.0,6.0,4.0
19.0,8.0,4.0,2.0,6.0,2.0,6.0,6.0,4.0,10.0,1.0,5.0,8.0,8.0,6.0,4.0
20.0,6.0,6.0,8.0,4.0,4.0,8.0,8.0,6.0,10.0,4.0,5.0,2.0,2.0,8.0,2.0
24.0,8.0,6.0,4.0,4.0,8.0,8.0,2.0,2.0,10.0,1.0,5.0,4.0,2.0,4.0,4.0
19.0,4.0,4.0,4.0,2.0,2.0,4.0,8.0,6.0,8.0,4.0,5.0,2.0,2.0,6.0,10.0
20.0,8.0,6.0,6.0,2.0,10.0,8.0,10.0,2.0,10.0,1.0,5.0,2.0,2.0,6.0,10.0
18.0,6.0,4.0,10.0,4.0,6.0,2.0,10.0,6.0,6.0,10.0,10.0,10.0,6.0,6.0,10.0
17.0,2.0,4.0,10.0,6.0,2.0,8.0,,6.0,4.0,4.0,never,4.0,8.0,4.0,6.0
19.0,8.0,4.0,6.0,6.0,6.0,6.0,10.0,8.0,10.0,1.0,5.0,8.0,6.0,4.0,6.0
19.0,10.0,10.0,10.0,10.0,10.0,6.0,10.0,4.0,10.0,1.0,5.0,4.0,2.0,2.0,6.0
20.0,4.0,4.0,4.0,4.0,4.0,4.0,4.0,2.0,8.0,4.0,5.0,4.0,2.0,4.0,2.0
20.0,2.0,2.0,4.0,2.0,2.0,2.0,10.0,4.0,6.0,1.0,10.0,4.0,2.0,8.0,10.0
21.0,2.0,4.0,10.0,4.0,4.0,2.0,10.0,6.0,6.0,4.0,5.0,10.0,6.0,8.0,6.0
20.0,2.0,2.0,8.0,4.0,4.0,4.0,10.0,10.0,8.0,4.0,5.0,8.0,2.0,4.0,8.0
20.0,2.0,2.0,,2.0,2.0,2.0,8.0,10.0,2.0,7.0,5.0,10.0,2.0,4.0,10.0
17.0,8.0,6.0,4.0,6.0,8.0,8.0,6.0,2.0,10.0,1.0,5.0,6.0,4.0,8.0,10.0
20.0,4.0,4.0,10.0,,2.0,2.0,10.0,8.0,8.0,4.0,10.0,8.0,4.0,4.0,4.0
25.0,8.0,6.0,10.0,8.0,8.0,4.0,8.0,6.0,8.0,4.0,5.0,4.0,4.0,6.0,6.0
20.0,4.0,4.0,8.0,6.0,4.0,2.0,8.0,8.0,8.0,4.0,5.0,8.0,2.0,4.0,10.0
21.0,8.0,6.0,4.0,4.0,6.0,6.0,4.0,2.0,10.0,4.0,10.0,6.0,2.0,2.0,4.0
21.0,4.0,8.0,8.0,6.0,2.0,2.0,10.0,8.0,2.0,10.0,5.0,8.0,2.0,4.0,10.0
22.0,6.0,4.0,4.0,4.0,6.0,6.0,6.0,6.0,10.0,10.0,10.0,4.0,2.0,4.0,6.0
19.0,4.0,2.0,6.0,2.0,8.0,10.0,6.0,8.0,10.0,7.0,5.0,10.0,2.0,8.0,2.0
25.0,10.0,8.0,10.0,8.0,10.0,6.0,8.0,8.0,10.0,10.0,10.0,6.0,2.0,6.0,8.0
19.0,4.0,2.0,6.0,4.0,4.0,6.0,8.0,10.0,10.0,4.0,10.0,10.0,2.0,6.0,6.0
25.0,4.0,4.0,10.0,4.0,6.0,2.0,10.0,10.0,4.0,4.0,5.0,10.0,4.0,6.0,6.0
25.0,8.0,4.0,6.0,8.0,10.0,2.0,10.0,8.0,8.0,7.0,5.0,10.0,2.0,4.0,10.0
21.0,6.0,4.0,6.0,4.0,8.0,2.0,6.0,4.0,4.0,4.0,5.0,8.0,4.0,6.0,6.0
20.0,6.0,4.0,2.0,2.0,6.0,2.0,4.0,4.0,4.0,1.0,5.0,4.0,4.0,2.0,8.0
24.0,6.0,6.0,6.0,6.0,6.0,4.0,6.0,6.0,6.0,1.0,5.0,10.0,2.0,6.0,6.0
30.0,6.0,2.0,8.0,6.0,2.0,2.0,8.0,10.0,6.0,4.0,5.0,10.0,4.0,8.0,8.0
21.0,2.0,6.0,2.0,2.0,2.0,10.0,2.0,4.0,6.0,7.0,never,2.0,2.0,6.0,2.0
27.0,4.0,2.0,6.0,2.0,4.0,4.0,6.0,2.0,8.0,1.0,5.0,8.0,10.0,6.0,10.0
21.0,2.0,6.0,6.0,2.0,4.0,10.0,6.0,6.0,8.0,1.0,5.0,2.0,2.0,6.0,2.0
16.0,10.0,4.0,6.0,8.0,8.0,2.0,6.0,4.0,6.0,1.0,5.0,6.0,6.0,8.0,10.0
21.0,4.0,4.0,6.0,10.0,2.0,2.0,8.0,8.0,2.0,10.0,never,10.0,8.0,6.0,8.0
20.0,4.0,4.0,6.0,6.0,6.0,6.0,4.0,10.0,6.0,10.0,5.0,6.0,6.0,4.0,6.0
22.0,10.0,2.0,4.0,8.0,6.0,6.0,8.0,4.0,8.0,7.0,5.0,4.0,4.0,2.0,8.0
19.0,6.0,4.0,8.0,2.0,4.0,2.0,8.0,6.0,4.0,4.0,5.0,2.0,2.0,4.0,8.0
20.0,2.0,6.0,4.0,2.0,2.0,8.0,4.0,2.0,10.0,4.0,10.0,6.0,6.0,4.0,10.0
25.0,10.0,2.0,10.0,10.0,2.0,8.0,8.0,2.0,10.0,4.0,5.0,8.0,2.0,8.0,10.0
23.0,6.0,6.0,4.0,6.0,4.0,4.0,6.0,4.0,8.0,7.0,5.0,6.0,2.0,8.0,6.0
20.0,10.0,10.0,8.0,10.0,4.0,2.0,8.0,6.0,10.0,4.0,5.0,6.0,2.0,8.0,4.0
20.0,6.0,6.0,6.0,6.0,8.0,2.0,6.0,8.0,4.0,4.0,5.0,8.0,4.0,6.0,10.0
21.0,8.0,2.0,8.0,10.0,8.0,2.0,10.0,6.0,8.0,4.0,5.0,6.0,2.0,2.0,6.0
19.0,6.0,6.0,8.0,4.0,10.0,2.0,6.0,6.0,6.0,10.0,10.0,8.0,6.0,4.0,6.0
21.0,10.0,6.0,6.0,8.0,8.0,2.0,6.0,2.0,2.0,4.0,5.0,10.0,6.0,4.0,10.0
16.0,2.0,10.0,10.0,2.0,6.0,2.0,8.0,8.0,8.0,1.0,never,4.0,10.0,10.0,10.0
20.0,6.0,2.0,8.0,4.0,2.0,2.0,8.0,8.0,10.0,10.0,5.0,2.0,6.0,4.0,6.0
18.0,6.0,4.0,6.0,4.0,8.0,2.0,10.0,8.0,10.0,4.0,5.0,10.0,8.0,4.0,10.0
21.0,2.0,2.0,6.0,2.0,2.0,10.0,6.0,2.0,10.0,10.0,never,10.0,2.0,10.0,10.0
21.0,4.0,2.0,8.0,6.0,4.0,8.0,8.0,4.0,8.0,1.0,5.0,4.0,4.0,6.0,8.0
18.0,10.0,4.0,8.0,6.0,6.0,4.0,10.0,6.0,6.0,4.0,5.0,6.0,2.0,2.0,6.0
19.0,2.0,2.0,6.0,2.0,2.0,2.0,10.0,8.0,10.0,10.0,10.0,10.0,2.0,10.0,10.0
20.0,8.0,2.0,10.0,2.0,4.0,4.0,8.0,6.0,6.0,4.0,5.0,8.0,2.0,6.0,10.0
18.0,4.0,2.0,2.0,4.0,2.0,8.0,2.0,2.0,4.0,10.0,10.0,6.0,8.0,10.0,10.0
18.0,4.0,4.0,8.0,8.0,2.0,2.0,10.0,2.0,2.0,4.0,5.0,10.0,2.0,4.0,2.0
23.0,10.0,10.0,10.0,4.0,8.0,2.0,10.0,6.0,10.0,7.0,never,6.0,2.0,4.0,6.0
20.0,6.0,2.0,2.0,2.0,4.0,6.0,4.0,2.0,10.0,7.0,5.0,6.0,6.0,4.0,10.0
18.0,10.0,4.0,4.0,6.0,10.0,2.0,10.0,4.0,8.0,1.0,5.0,8.0,6.0,6.0,2.0
28.0,2.0,2.0,8.0,2.0,2.0,2.0,10.0,8.0,2.0,10.0,5.0,10.0,2.0,6.0,
24.0,6.0,2.0,6.0,4.0,6.0,6.0,10.0,2.0,8.0,4.0,never,8.0,10.0,4.0,8.0
19.0,4.0,6.0,10.0,6.0,8.0,2.0,6.0,10.0,,7.0,5.0,6.0,2.0,6.0,10.0
21.0,4.0,2.0,6.0,2.0,6.0,6.0,8.0,6.0,10.0,7.0,5.0,10.0,6.0,10.0,6.0
22.0,2.0,2.0,2.0,2.0,8.0,8.0,4.0,2.0,10.0,10.0,5.0,8.0,2.0,2.0,10.0
19.0,10.0,2.0,6.0,6.0,10.0,2.0,4.0,4.0,6.0,4.0,5.0,8.0,4.0,6.0,8.0
18.0,8.0,4.0,10.0,6.0,4.0,4.0,10.0,6.0,6.0,4.0,5.0,10.0,2.0,8.0,4.0
21.0,6.0,4.0,4.0,2.0,4.0,8.0,4.0,4.0,10.0,4.0,10.0,4.0,2.0,6.0,2.0
19.0,8.0,6.0,6.0,6.0,6.0,4.0,8.0,4.0,8.0,4.0,never,8.0,2.0,6.0,8.0
19.0,4.0,6.0,8.0,2.0,6.0,2.0,4.0,6.0,4.0,4.0,never,6.0,4.0,6.0,6.0
20.0,6.0,4.0,4.0,4.0,6.0,8.0,2.0,6.0,10.0,10.0,10.0,4.0,4.0,8.0,10.0
19.0,4.0,8.0,8.0,8.0,4.0,6.0,10.0,4.0,8.0,4.0,10.0,10.0,6.0,6.0,10.0
18.0,4.0,4.0,8.0,2.0,6.0,2.0,10.0,8.0,6.0,4.0,5.0,4.0,2.0,8.0,6.0
18.0,2.0,2.0,2.0,2.0,2.0,10.0,6.0,4.0,10.0,7.0,5.0,10.0,2.0,6.0,10.0
19.0,4.0,4.0,4.0,4.0,4.0,4.0,8.0,4.0,8.0,4.0,10.0,10.0,4.0,10.0,8.0
18.0,2.0,2.0,4.0,2.0,2.0,2.0,6.0,6.0,6.0,7.0,5.0,10.0,2.0,6.0,10.0
18.0,4.0,2.0,2.0,2.0,2.0,8.0,8.0,8.0,10.0,10.0,5.0,4.0,4.0,10.0,8.0
19.0,2.0,4.0,10.0,4.0,4.0,2.0,8.0,8.0,4.0,10.0,5.0,2.0,2.0,2.0,2.0
19.0,8.0,4.0,8.0,2.0,6.0,2.0,8.0,6.0,8.0,7.0,10.0,10.0,6.0,6.0,10.0
19.0,4.0,2.0,6.0,4.0,2.0,2.0,10.0,2.0,,4.0,5.0,8.0,2.0,6.0,8.0
18.0,6.0,8.0,8.0,4.0,8.0,2.0,10.0,6.0,8.0,7.0,10.0,8.0,2.0,8.0,4.0
18.0,8.0,4.0,4.0,4.0,6.0,2.0,6.0,6.0,6.0,4.0,5.0,4.0,4.0,8.0,4.0
19.0,4.0,8.0,6.0,4.0,8.0,8.0,4.0,4.0,6.0,4.0,5.0,10.0,2.0,8.0,4.0
20.0,4.0,4.0,8.0,4.0,6.0,2.0,10.0,8.0,6.0,4.0,5.0,8.0,2.0,4.0,10.0
19.0,4.0,4.0,8.0,2.0,2.0,2.0,6.0,8.0,6.0,10.0,10.0,2.0,6.0,6.0,10.0
26.0,6.0,6.0,2.0,6.0,2.0,2.0,2.0,2.0,2.0,1.0,5.0,10.0,6.0,8.0,2.0
19.0,4.0,4.0,8.0,4.0,4.0,2.0,8.0,8.0,8.0,10.0,10.0,4.0,4.0,4.0,10.0
19.0,4.0,2.0,6.0,6.0,6.0,4.0,6.0,4.0,8.0,10.0,5.0,8.0,6.0,6.0,8.0
22.0,10.0,2.0,8.0,6.0,2.0,2.0,10.0,4.0,6.0,4.0,5.0,4.0,2.0,6.0,2.0
20.0,6.0,4.0,6.0,4.0,6.0,2.0,8.0,6.0,8.0,4.0,5.0,6.0,2.0,2.0,4.0
28.0,2.0,2.0,8.0,2.0,4.0,6.0,10.0,6.0,6.0,7.0,5.0,10.0,8.0,2.0,2.0
19.0,2.0,2.0,4.0,4.0,6.0,4.0,6.0,4.0,8.0,10.0,5.0,8.0,6.0,6.0,8.0
21.0,4.0,2.0,4.0,2.0,8.0,6.0,8.0,6.0,10.0,4.0,5.0,8.0,2.0,4.0,6.0
19.0,4.0,2.0,8.0,4.0,4.0,4.0,10.0,6.0,10.0,1.0,5.0,10.0,10.0,8.0,10.0
22.0,2.0,2.0,6.0,2.0,2.0,2.0,6.0,10.0,4.0,4.0,10.0,2.0,6.0,2.0,2.0
19.0,4.0,2.0,8.0,4.0,4.0,4.0,8.0,4.0,10.0,4.0,5.0,2.0,2.0,6.0,8.0
18.0,10.0,10.0,10.0,10.0,2.0,2.0,10.0,10.0,2.0,4.0,5.0,10.0,10.0,2.0,10.0
19.0,6.0,6.0,4.0,4.0,6.0,4.0,4.0,2.0,6.0,4.0,5.0,6.0,2.0,6.0,8.0
22.0,2.0,2.0,6.0,2.0,2.0,4.0,4.0,10.0,8.0,4.0,10.0,4.0,2.0,4.0,10.0
29.0,6.0,6.0,4.0,8.0,6.0,2.0,6.0,2.0,6.0,4.0,5.0,6.0,4.0,6.0,6.0
18.0,6.0,2.0,6.0,2.0,2.0,2.0,10.0,6.0,6.0,1.0,5.0,10.0,8.0,10.0,10.0
22.0,6.0,6.0,8.0,6.0,4.0,2.0,6.0,4.0,8.0,4.0,5.0,10.0,10.0,4.0,8.0
17.0,6.0,4.0,6.0,4.0,8.0,2.0,6.0,4.0,2.0,1.0,never,4.0,2.0,2.0,6.0
19.0,6.0,6.0,6.0,2.0,6.0,2.0,8.0,8.0,6.0,7.0,10.0,8.0,4.0,2.0,
20.0,6.0,4.0,8.0,6.0,2.0,4.0,6.0,8.0,4.0,4.0,5.0,8.0,8.0,4.0,8.0
18.0,8.0,8.0,6.0,4.0,8.0,4.0,8.0,10.0,10.0,10.0,5.0,8.0,8.0,4.0,4.0
22.0,2.0,2.0,10.0,2.0,4.0,2.0,8.0,8.0,6.0,4.0,10.0,2.0,6.0,8.0,6.0
19.0,4.0,2.0,8.0,6.0,4.0,2.0,10.0,6.0,4.0,1.0,5.0,10.0,2.0,6.0,6.0
20.0,4.0,4.0,8.0,4.0,6.0,8.0,6.0,4.0,10.0,4.0,5.0,2.0,2.0,2.0,8.0
25.0,6.0,8.0,4.0,4.0,2.0,2.0,8.0,2.0,6.0,1.0,5.0,6.0,6.0,10.0,6.0
29.0,2.0,2.0,2.0,2.0,2.0,8.0,4.0,2.0,8.0,10.0,10.0,2.0,4.0,10.0,10.0
19.0,6.0,2.0,10.0,2.0,2.0,2.0,10.0,10.0,6.0,4.0,5.0,2.0,4.0,4.0,4.0
18.0,8.0,10.0,6.0,4.0,6.0,8.0,6.0,6.0,10.0,10.0,10.0,8.0,4.0,6.0,10.0
20.0,8.0,2.0,4.0,2.0,10.0,8.0,8.0,6.0,10.0,4.0,5.0,6.0,6.0,6.0,6.0
18.0,4.0,2.0,4.0,2.0,6.0,6.0,4.0,2.0,10.0,4.0,5.0,8.0,2.0,8.0,6.0
30.0,4.0,6.0,10.0,4.0,4.0,4.0,8.0,4.0,8.0,7.0,never,2.0,8.0,8.0,8.0
20.0,6.0,4.0,6.0,4.0,8.0,6.0,6.0,6.0,8.0,4.0,5.0,6.0,2.0,4.0,6.0
21.0,6.0,10.0,10.0,6.0,8.0,4.0,10.0,8.0,8.0,4.0,5.0,10.0,2.0,6.0,8.0
22.0,10.0,2.0,8.0,8.0,8.0,8.0,2.0,2.0,4.0,1.0,5.0,4.0,4.0,6.0,4.0
22.0,2.0,6.0,4.0,2.0,6.0,4.0,6.0,8.0,8.0,4.0,10.0,2.0,6.0,2.0,8.0
20.0,10.0,2.0,6.0,4.0,8.0,6.0,8.0,6.0,10.0,7.0,5.0,8.0,4.0,10.0,10.0
20.0,4.0,4.0,6.0,2.0,,6.0,8.0,6.0,8.0,4.0,10.0,6.0,2.0,6.0,10.0
19.0,4.0,2.0,8.0,4.0,10.0,2.0,8.0,2.0,10.0,1.0,5.0,10.0,2.0,10.0,10.0
28.0,4.0,4.0,8.0,4.0,6.0,2.0,8.0,6.0,4.0,4.0,5.0,8.0,6.0,4.0,10.0
19.0,2.0,2.0,10.0,4.0,,,2.0,,2.0,10.0,10.0,10.0,10.0,2.0,10.0
22.0,10.0,6.0,4.0,8.0,10.0,6.0,6.0,6.0,10.0,4.0,5.0,4.0,2.0,6.0,2.0
20.0,2.0,4.0,4.0,4.0,4.0,2.0,4.0,6.0,10.0,10.0,5.0,6.0,2.0,2.0,8.0
16.0,4.0,4.0,6.0,4.0,2.0,2.0,6.0,10.0,4.0,1.0,never,4.0,6.0,6.0,8.0
19.0,4.0,4.0,6.0,4.0,4.0,4.0,8.0,6.0,8.0,7.0,5.0,4.0,2.0,6.0,4.0
20.0,8.0,2.0,6.0,6.0,6.0,4.0,4.0,2.0,10.0,7.0,5.0,10.0,2.0,10.0,6.0
21.0,4.0,4.0,8.0,2.0,4.0,2.0,10.0,10.0,6.0,10.0,10.0,2.0,2.0,4.0,8.0
19.0,4.0,2.0,4.0,4.0,10.0,4.0,4.0,2.0,10.0,4.0,5.0,10.0,4.0,6.0,8.0
20.0,4.0,4.0,4.0,2.0,2.0,4.0,6.0,4.0,10.0,4.0,5.0,8.0,2.0,6.0,4.0
25.0,10.0,8.0,6.0,4.0,4.0,2.0,6.0,4.0,6.0,1.0,5.0,8.0,2.0,6.0,8.0
20.0,8.0,6.0,6.0,6.0,10.0,4.0,10.0,2.0,10.0,7.0,5.0,8.0,8.0,2.0,10.0
19.0,6.0,2.0,6.0,4.0,4.0,2.0,4.0,2.0,8.0,4.0,5.0,8.0,4.0,6.0,10.0
22.0,6.0,4.0,4.0,8.0,2.0,4.0,8.0,2.0,8.0,4.0,10.0,2.0,2.0,4.0,2.0
19.0,8.0,4.0,6.0,10.0,4.0,4.0,4.0,2.0,8.0,4.0,5.0,10.0,4.0,8.0,6.0
21.0,8.0,6.0,8.0,10.0,8.0,4.0,8.0,4.0,8.0,4.0,5.0,6.0,2.0,8.0,10.0
22.0,8.0,4.0,8.0,6.0,8.0,6.0,4.0,6.0,10.0,4.0,10.0,2.0,4.0,4.0,4.0
28.0,10.0,2.0,4.0,4.0,2.0,2.0,8.0,2.0,8.0,1.0,5.0,10.0,6.0,6.0,10.0
21.0,4.0,2.0,10.0,2.0,2.0,2.0,10.0,10.0,2.0,7.0,5.0,4.0,2.0,2.0,6.0
20.0,4.0,4.0,6.0,8.0,4.0,6.0,6.0,6.0,10.0,10.0,10.0,2.0,2.0,4.0,6.0
19.0,2.0,2.0,4.0,2.0,2.0,6.0,4.0,10.0,4.0,7.0,10.0,2.0,2.0,2.0,6.0
21.0,6.0,6.0,6.0,8.0,8.0,2.0,4.0,4.0,4.0,4.0,5.0,6.0,2.0,8.0,4.0
20.0,8.0,10.0,2.0,6.0,6.0,4.0,6.0,2.0,10.0,4.0,5.0,6.0,8.0,4.0,8.0
16.0,6.0,4.0,8.0,10.0,6.0,2.0,8.0,8.0,2.0,4.0,never,2.0,2.0,2.0,10.0
22.0,8.0,6.0,10.0,6.0,8.0,6.0,8.0,8.0,8.0,1.0,5.0,2.0,2.0,4.0,6.0
19.0,6.0,4.0,6.0,2.0,8.0,2.0,6.0,8.0,6.0,4.0,5.0,6.0,2.0,6.0,6.0
22.0,4.0,2.0,4.0,8.0,4.0,2.0,2.0,2.0,2.0,4.0,never,2.0,2.0,2.0,2.0
20.0,4.0,2.0,6.0,2.0,2.0,10.0,6.0,6.0,8.0,1.0,10.0,2.0,2.0,6.0,6.0
22.0,4.0,10.0,2.0,10.0,2.0,2.0,6.0,2.0,10.0,1.0,5.0,6.0,2.0,6.0,8.0
19.0,6.0,6.0,8.0,6.0,6.0,10.0,8.0,2.0,10.0,7.0,10.0,2.0,2.0,6.0,10.0
22.0,4.0,2.0,10.0,6.0,4.0,8.0,10.0,10.0,8.0,4.0,never,10.0,2.0,6.0,10.0
17.0,8.0,2.0,6.0,2.0,2.0,6.0,8.0,8.0,8.0,7.0,5.0,6.0,4.0,2.0,2.0
18.0,6.0,4.0,8.0,4.0,6.0,2.0,10.0,8.0,8.0,7.0,5.0,6.0,2.0,8.0,4.0
19.0,4.0,2.0,8.0,6.0,4.0,4.0,2.0,8.0,4.0,4.0,10.0,4.0,6.0,4.0,10.0
23.0,4.0,4.0,6.0,2.0,4.0,2.0,8.0,8.0,4.0,7.0,5.0,10.0,10.0,6.0,2.0
20.0,10.0,2.0,10.0,10.0,8.0,4.0,10.0,6.0,6.0,4.0,10.0,8.0,6.0,8.0,8.0
18.0,6.0,4.0,8.0,4.0,6.0,2.0,8.0,6.0,6.0,4.0,5.0,6.0,2.0,2.0,10.0
19.0,4.0,2.0,10.0,4.0,6.0,2.0,2.0,4.0,6.0,10.0,5.0,6.0,6.0,6.0,4.0
19.0,8.0,4.0,4.0,2.0,,10.0,4.0,4.0,10.0,10.0,10.0,6.0,4.0,6.0,6.0
28.0,6.0,6.0,6.0,6.0,6.0,2.0,6.0,6.0,10.0,,5.0,6.0,,8.0,8.0
21.0,4.0,2.0,6.0,2.0,6.0,8.0,8.0,10.0,8.0,4.0,5.0,2.0,4.0,4.0,2.0
23.0,4.0,6.0,6.0,2.0,8.0,2.0,8.0,4.0,8.0,10.0,5.0,4.0,2.0,2.0,2.0
20.0,10.0,2.0,6.0,2.0,6.0,2.0,10.0,10.0,10.0,4.0,5.0,2.0,2.0,8.0,4.0
20.0,4.0,4.0,2.0,4.0,4.0,6.0,6.0,2.0,10.0,1.0,5.0,6.0,2.0,6.0,6.0
28.0,6.0,4.0,6.0,10.0,2.0,2.0,10.0,2.0,4.0,7.0,5.0,6.0,8.0,6.0,10.0
22.0,10.0,8.0,4.0,10.0,6.0,8.0,4.0,2.0,10.0,1.0,5.0,4.0,2.0,8.0,8.0
19.0,6.0,2.0,8.0,4.0,10.0,4.0,8.0,4.0,8.0,7.0,10.0,8.0,2.0,4.0,10.0
21.0,4.0,4.0,6.0,2.0,6.0,4.0,6.0,4.0,10.0,7.0,5.0,4.0,2.0,8.0,8.0
21.0,6.0,2.0,6.0,6.0,8.0,2.0,8.0,8.0,6.0,10.0,5.0,6.0,2.0,8.0,10.0
17.0,8.0,8.0,6.0,6.0,8.0,6.0,10.0,8.0,10.0,10.0,10.0,2.0,2.0,6.0,10.0
19.0,2.0,2.0,4.0,2.0,2.0,4.0,8.0,10.0,4.0,10.0,10.0,6.0,4.0,2.0,10.0
25.0,8.0,2.0,6.0,4.0,2.0,2.0,6.0,6.0,8.0,4.0,10.0,2.0,4.0,4.0,10.0
20.0,6.0,2.0,6.0,4.0,2.0,8.0,8.0,8.0,8.0,4.0,5.0,10.0,2.0,2.0,8.0
26.0,10.0,4.0,6.0,4.0,2.0,8.0,8.0,2.0,10.0,10.0,5.0,2.0,6.0,10.0,4.0
21.0,10.0,2.0,6.0,10.0,4.0,2.0,10.0,8.0,10.0,7.0,5.0,6.0,6.0,6.0,8.0
20.0,4.0,4.0,6.0,4.0,4.0,4.0,6.0,8.0,4.0,4.0,5.0,10.0,6.0,2.0,8.0
29.0,4.0,2.0,10.0,4.0,8.0,6.0,8.0,10.0,8.0,7.0,10.0,4.0,4.0,6.0,8.0
25.0,8.0,2.0,8.0,2.0,10.0,8.0,8.0,6.0,8.0,4.0,5.0,2.0,2.0,6.0,8.0
21.0,8.0,2.0,4.0,6.0,4.0,8.0,4.0,4.0,10.0,7.0,10.0,2.0,2.0,10.0,6.0
20.0,6.0,6.0,6.0,6.0,6.0,6.0,6.0,6.0,6.0,7.0,5.0,6.0,6.0,8.0,10.0
27.0,10.0,4.0,6.0,4.0,10.0,6.0,8.0,4.0,10.0,4.0,5.0,8.0,6.0,6.0,2.0
21.0,10.0,4.0,2.0,8.0,2.0,10.0,2.0,4.0,8.0,10.0,5.0,2.0,2.0,2.0,8.0
20.0,6.0,6.0,2.0,6.0,2.0,2.0,4.0,2.0,10.0,1.0,5.0,10.0,8.0,2.0,
17.0,6.0,8.0,4.0,10.0,6.0,4.0,6.0,2.0,10.0,4.0,5.0,8.0,6.0,10.0,2.0
16.0,4.0,6.0,6.0,6.0,2.0,2.0,8.0,2.0,4.0,4.0,never,8.0,6.0,4.0,4.0
19.0,6.0,2.0,4.0,6.0,10.0,4.0,4.0,2.0,8.0,7.0,5.0,10.0,2.0,6.0,10.0
18.0,4.0,4.0,8.0,8.0,2.0,2.0,6.0,6.0,4.0,1.0,5.0,8.0,6.0,6.0,6.0
19.0,6.0,4.0,6.0,8.0,4.0,4.0,6.0,6.0,6.0,4.0,5.0,4.0,4.0,6.0,6.0
21.0,2.0,2.0,10.0,6.0,6.0,2.0,10.0,8.0,2.0,7.0,5.0,10.0,2.0,8.0,2.0
16.0,6.0,2.0,6.0,2.0,2.0,2.0,8.0,8.0,2.0,4.0,5.0,6.0,2.0,4.0,10.0
20.0,4.0,6.0,4.0,6.0,8.0,4.0,8.0,4.0,8.0,4.0,5.0,8.0,2.0,6.0,8.0
19.0,4.0,4.0,6.0,2.0,4.0,2.0,8.0,2.0,4.0,1.0,5.0,8.0,4.0,4.0,8.0
20.0,2.0,4.0,10.0,4.0,2.0,4.0,4.0,10.0,8.0,10.0,5.0,10.0,2.0,10.0,8.0
16.0,8.0,6.0,8.0,6.0,6.0,8.0,8.0,8.0,6.0,1.0,5.0,10.0,10.0,8.0,10.0
20.0,8.0,6.0,8.0,6.0,8.0,2.0,8.0,10.0,8.0,4.0,never,4.0,2.0,6.0,4.0
18.0,4.0,4.0,10.0,6.0,4.0,6.0,8.0,10.0,6.0,4.0,5.0,2.0,2.0,6.0,10.0
20.0,6.0,6.0,8.0,2.0,2.0,4.0,8.0,10.0,10.0,4.0,never,2.0,4.0,2.0,10.0
20.0,2.0,2.0,10.0,2.0,2.0,2.0,2.0,6.0,10.0,4.0,5.0,4.0,2.0,4.0,4.0
16.0,4.0,4.0,10.0,4.0,4.0,2.0,8.0,4.0,4.0,7.0,5.0,8.0,10.0,10.0,10.0
19.0,4.0,4.0,6.0,4.0,2.0,2.0,4.0,8.0,4.0,1.0,5.0,8.0,6.0,6.0,8.0
19.0,2.0,4.0,8.0,4.0,4.0,4.0,6.0,6.0,6.0,,10.0,2.0,6.0,6.0,8.0
23.0,4.0,2.0,10.0,4.0,2.0,2.0,10.0,6.0,6.0,4.0,5.0,6.0,2.0,8.0,6.0
20.0,6.0,4.0,8.0,8.0,2.0,4.0,6.0,4.0,6.0,4.0,5.0,6.0,2.0,6.0,6.0
23.0,4.0,2.0,6.0,2.0,2.0,2.0,6.0,4.0,6.0,7.0,5.0,6.0,2.0,6.0,6.0
19.0,4.0,2.0,8.0,4.0,4.0,6.0,8.0,10.0,2.0,10.0,never,10.0,6.0,8.0,2.0
22.0,8.0,2.0,6.0,2.0,2.0,6.0,6.0,4.0,6.0,4.0,5.0,4.0,2.0,4.0,6.0
17.0,2.0,2.0,6.0,2.0,2.0,6.0,4.0,6.0,8.0,1.0,5.0,2.0,2.0,2.0,10.0
20.0,2.0,2.0,10.0,6.0,2.0,2.0,6.0,6.0,6.0,1.0,5.0,10.0,2.0,6.0,10.0
21.0,8.0,6.0,6.0,8.0,6.0,4.0,4.0,4.0,8.0,4.0,5.0,8.0,2.0,8.0,6.0
21.0,6.0,8.0,6.0,4.0,4.0,2.0,6.0,10.0,6.0,4.0,10.0,4.0,6.0,4.0,10.0
19.0,4.0,2.0,8.0,4.0,2.0,2.0,6.0,2.0,6.0,7.0,5.0,8.0,4.0,4.0,10.0
20.0,4.0,6.0,6.0,4.0,4.0,2.0,10.0,8.0,4.0,1.0,5.0,6.0,2.0,6.0,10.0
19.0,10.0,4.0,8.0,6.0,10.0,8.0,10.0,6.0,10.0,1.0,5.0,6.0,2.0,8.0,8.0
21.0,2.0,2.0,2.0,2.0,4.0,2.0,2.0,10.0,2.0,4.0,5.0,2.0,2.0,2.0,2.0
22.0,2.0,2.0,4.0,4.0,6.0,6.0,6.0,8.0,8.0,10.0,10.0,10.0,2.0,6.0,4.0
22.0,6.0,2.0,8.0,6.0,8.0,4.0,4.0,8.0,6.0,1.0,10.0,2.0,2.0,6.0,8.0
22.0,6.0,2.0,4.0,2.0,8.0,2.0,10.0,10.0,8.0,4.0,5.0,6.0,2.0,6.0,8.0
28.0,4.0,6.0,8.0,6.0,6.0,2.0,10.0,4.0,6.0,10.0,10.0,8.0,2.0,8.0,10.0
21.0,6.0,6.0,6.0,6.0,8.0,6.0,6.0,6.0,8.0,4.0,5.0,8.0,2.0,6.0,10.0
21.0,8.0,8.0,10.0,6.0,4.0,8.0,4.0,2.0,6.0,1.0,never,10.0,2.0,,8.0
17.0,2.0,2.0,4.0,2.0,2.0,8.0,4.0,6.0,8.0,7.0,10.0,8.0,8.0,8.0,10.0
21.0,4.0,2.0,8.0,2.0,2.0,2.0,4.0,8.0,2.0,4.0,5.0,10.0,2.0,4.0,10.0
17.0,6.0,2.0,2.0,2.0,2.0,10.0,2.0,2.0,10.0,10.0,5.0,10.0,2.0,6.0,10.0
28.0,6.0,6.0,6.0,4.0,8.0,8.0,6.0,2.0,10.0,1.0,10.0,2.0,6.0,6.0,8.0
20.0,2.0,4.0,6.0,6.0,8.0,2.0,8.0,8.0,2.0,10.0,5.0,6.0,2.0,2.0,6.0
19.0,6.0,2.0,6.0,6.0,4.0,2.0,8.0,8.0,2.0,4.0,never,8.0,6.0,6.0,10.0
21.0,8.0,2.0,4.0,6.0,6.0,6.0,4.0,4.0,10.0,4.0,5.0,8.0,2.0,4.0,6.0
23.0,10.0,2.0,4.0,6.0,8.0,2.0,6.0,4.0,8.0,10.0,never,4.0,2.0,10.0,10.0
17.0,2.0,2.0,2.0,2.0,2.0,8.0,2.0,2.0,8.0,10.0,10.0,2.0,2.0,10.0,10.0
20.0,4.0,2.0,8.0,2.0,4.0,2.0,8.0,8.0,6.0,10.0,10.0,6.0,4.0,10.0,8.0
19.0,4.0,4.0,8.0,4.0,4.0,4.0,10.0,8.0,10.0,4.0,5.0,4.0,8.0,4.0,10.0
19.0,4.0,6.0,8.0,4.0,6.0,4.0,6.0,8.0,8.0,1.0,never,4.0,2.0,8.0,2.0
19.0,4.0,8.0,10.0,6.0,4.0,6.0,10.0,8.0,8.0,1.0,10.0,4.0,2.0,4.0,8.0
18.0,10.0,2.0,4.0,2.0,4.0,8.0,8.0,10.0,8.0,10.0,5.0,10.0,2.0,8.0,10.0
19.0,8.0,6.0,2.0,8.0,8.0,2.0,4.0,2.0,8.0,4.0,5.0,6.0,4.0,6.0,6.0
22.0,4.0,6.0,8.0,4.0,8.0,8.0,10.0,6.0,8.0,7.0,10.0,2.0,2.0,4.0,6.0
21.0,6.0,4.0,6.0,4.0,8.0,4.0,8.0,10.0,8.0,7.0,5.0,6.0,2.0,6.0,4.0
21.0,2.0,4.0,6.0,4.0,4.0,2.0,8.0,8.0,8.0,10.0,5.0,10.0,2.0,10.0,6.0
21.0,4.0,10.0,2.0,10.0,6.0,6.0,6.0,2.0,10.0,1.0,5.0,8.0,4.0,2.0,10.0
22.0,4.0,2.0,6.0,4.0,4.0,2.0,10.0,4.0,8.0,1.0,never,2.0,6.0,8.0,6.0
19.0,6.0,6.0,6.0,2.0,6.0,6.0,8.0,2.0,6.0,10.0,10.0,8.0,6.0,4.0,10.0
25.0,8.0,4.0,4.0,8.0,8.0,,10.0,8.0,2.0,10.0,10.0,8.0,8.0,2.0,6.0
18.0,10.0,4.0,6.0,4.0,6.0,4.0,6.0,10.0,6.0,1.0,,6.0,2.0,6.0,8.0
20.0,6.0,4.0,6.0,4.0,8.0,8.0,8.0,4.0,10.0,10.0,5.0,2.0,2.0,6.0,10.0
18.0,2.0,2.0,6.0,4.0,2.0,2.0,10.0,6.0,6.0,4.0,5.0,10.0,8.0,6.0,8.0
23.0,6.0,2.0,10.0,2.0,6.0,6.0,6.0,8.0,8.0,10.0,5.0,6.0,6.0,2.0,4.0
18.0,4.0,4.0,6.0,4.0,8.0,6.0,6.0,10.0,8.0,7.0,10.0,4.0,4.0,8.0,8.0
22.0,6.0,2.0,8.0,2.0,10.0,2.0,8.0,2.0,8.0,10.0,5.0,4.0,2.0,6.0,4.0
20.0,10.0,2.0,6.0,6.0,10.0,4.0,8.0,4.0,10.0,4.0,5.0,4.0,2.0,6.0,10.0
19.0,8.0,10.0,8.0,2.0,6.0,6.0,6.0,2.0,10.0,4.0,10.0,2.0,2.0,2.0,6.0
19.0,10.0,8.0,6.0,4.0,4.0,2.0,6.0,2.0,8.0,10.0,10.0,6.0,10.0,6.0,10.0
23.0,10.0,4.0,10.0,8.0,10.0,2.0,10.0,10.0,10.0,10.0,5.0,6.0,2.0,10.0,6.0
27.0,10.0,2.0,6.0,6.0,6.0,4.0,6.0,6.0,6.0,4.0,5.0,2.0,2.0,4.0,6.0
20.0,10.0,2.0,4.0,2.0,2.0,2.0,8.0,8.0,8.0,7.0,10.0,2.0,2.0,8.0,10.0
20.0,4.0,4.0,8.0,2.0,2.0,8.0,2.0,2.0,6.0,4.0,5.0,6.0,2.0,10.0,4.0
18.0,10.0,8.0,10.0,8.0,8.0,4.0,10.0,6.0,8.0,7.0,10.0,6.0,2.0,4.0,8.0
21.0,2.0,6.0,4.0,6.0,6.0,4.0,2.0,10.0,4.0,7.0,10.0,6.0,2.0,8.0,8.0
21.0,2.0,4.0,6.0,2.0,4.0,4.0,10.0,8.0,10.0,4.0,5.0,6.0,10.0,4.0,8.0
19.0,6.0,4.0,10.0,6.0,4.0,2.0,10.0,8.0,4.0,4.0,5.0,8.0,8.0,2.0,8.0
22.0,2.0,4.0,8.0,4.0,8.0,4.0,6.0,8.0,6.0,10.0,never,8.0,2.0,6.0,10.0
20.0,2.0,6.0,8.0,8.0,6.0,2.0,4.0,2.0,2.0,4.0,5.0,10.0,2.0,6.0,10.0
19.0,4.0,2.0,6.0,2.0,6.0,10.0,6.0,8.0,10.0,4.0,5.0,4.0,6.0,8.0,10.0
20.0,4.0,4.0,10.0,6.0,4.0,2.0,8.0,10.0,8.0,,,4.0,2.0,6.0,8.0
19.0,4.0,6.0,8.0,2.0,8.0,6.0,10.0,8.0,8.0,1.0,5.0,10.0,8.0,6.0,10.0
18.0,8.0,2.0,10.0,4.0,6.0,6.0,8.0,4.0,10.0,1.0,never,10.0,2.0,4.0,8.0
17.0,4.0,4.0,8.0,6.0,4.0,6.0,8.0,10.0,6.0,1.0,never,2.0,2.0,6.0,6.0
21.0,2.0,6.0,6.0,10.0,6.0,2.0,8.0,4.0,6.0,1.0,5.0,2.0,2.0,2.0,6.0
19.0,8.0,4.0,6.0,8.0,8.0,4.0,8.0,8.0,6.0,1.0,5.0,8.0,2.0,4.0,4.0
25.0,6.0,4.0,8.0,8.0,8.0,2.0,8.0,4.0,8.0,4.0,10.0,10.0,,6.0,6.0
24.0,6.0,8.0,6.0,10.0,6.0,2.0,8.0,10.0,8.0,10.0,10.0,2.0,2.0,2.0,8.0
29.0,8.0,4.0,4.0,6.0,4.0,4.0,10.0,4.0,10.0,1.0,5.0,2.0,2.0,4.0,6.0
21.0,4.0,4.0,6.0,6.0,6.0,6.0,10.0,8.0,10.0,10.0,5.0,6.0,4.0,6.0,6.0
18.0,2.0,4.0,4.0,2.0,10.0,10.0,2.0,2.0,10.0,1.0,5.0,8.0,4.0,10.0,6.0
21.0,8.0,4.0,10.0,4.0,2.0,8.0,10.0,10.0,10.0,10.0,5.0,6.0,4.0,6.0,10.0
17.0,6.0,6.0,6.0,6.0,6.0,4.0,8.0,10.0,6.0,4.0,5.0,8.0,4.0,8.0,8.0
22.0,10.0,4.0,8.0,8.0,2.0,4.0,6.0,4.0,6.0,4.0,5.0,8.0,2.0,10.0,10.0
18.0,,2.0,8.0,4.0,6.0,2.0,8.0,8.0,10.0,7.0,5.0,8.0,2.0,4.0,4.0
18.0,4.0,4.0,6.0,6.0,4.0,4.0,10.0,8.0,8.0,4.0,5.0,10.0,2.0,4.0,10.0
23.0,8.0,2.0,8.0,4.0,6.0,2.0,6.0,8.0,4.0,4.0,never,8.0,2.0,6.0,6.0
22.0,6.0,4.0,6.0,2.0,4.0,2.0,8.0,6.0,8.0,4.0,5.0,2.0,2.0,2.0,6.0
21.0,10.0,6.0,6.0,2.0,8.0,2.0,10.0,10.0,6.0,4.0,5.0,10.0,2.0,6.0,6.0
23.0,4.0,4.0,10.0,10.0,4.0,2.0,8.0,6.0,6.0,1.0,never,8.0,2.0,4.0,6.0
17.0,4.0,4.0,10.0,4.0,8.0,6.0,6.0,8.0,6.0,4.0,5.0,6.0,2.0,8.0,8.0
20.0,2.0,2.0,8.0,2.0,2.0,2.0,8.0,8.0,4.0,4.0,5.0,4.0,4.0,8.0,10.0
22.0,6.0,4.0,8.0,4.0,6.0,4.0,6.0,8.0,6.0,4.0,5.0,2.0,4.0,4.0,10.0
21.0,6.0,2.0,6.0,4.0,2.0,2.0,10.0,2.0,8.0,4.0,5.0,2.0,2.0,10.0,10.0
22.0,6.0,4.0,6.0,4.0,8.0,10.0,6.0,2.0,10.0,7.0,5.0,6.0,2.0,6.0,6.0
24.0,6.0,4.0,8.0,6.0,4.0,4.0,10.0,6.0,6.0,4.0,10.0,4.0,2.0,6.0,4.0
19.0,4.0,4.0,6.0,4.0,4.0,6.0,6.0,6.0,10.0,4.0,5.0,8.0,2.0,8.0,6.0
18.0,8.0,4.0,4.0,4.0,8.0,6.0,4.0,4.0,10.0,1.0,never,10.0,4.0,6.0,10.0
24.0,2.0,2.0,8.0,2.0,2.0,2.0,10.0,8.0,6.0,1.0,never,10.0,8.0,6.0,10.0
22.0,6.0,4.0,10.0,4.0,6.0,4.0,4.0,10.0,4.0,7.0,5.0,8.0,2.0,2.0,6.0
20.0,6.0,2.0,4.0,2.0,6.0,8.0,8.0,4.0,10.0,7.0,5.0,4.0,8.0,10.0,10.0
20.0,6.0,2.0,4.0,4.0,8.0,6.0,8.0,6.0,10.0,4.0,5.0,10.0,4.0,10.0,10.0
19.0,4.0,2.0,6.0,2.0,2.0,2.0,6.0,4.0,2.0,10.0,10.0,6.0,4.0,4.0,10.0
21.0,2.0,4.0,6.0,4.0,2.0,2.0,8.0,6.0,8.0,7.0,10.0,4.0,4.0,4.0,8.0
25.0,8.0,4.0,6.0,6.0,6.0,8.0,,6.0,6.0,1.0,never,6.0,6.0,6.0,6.0
28.0,6.0,8.0,6.0,8.0,6.0,2.0,2.0,2.0,4.0,1.0,never,8.0,4.0,4.0,4.0
20.0,6.0,2.0,2.0,4.0,6.0,10.0,4.0,10.0,10.0,10.0,5.0,4.0,2.0,6.0,6.0
20.0,4.0,4.0,4.0,2.0,2.0,6.0,4.0,2.0,10.0,7.0,5.0,8.0,2.0,10.0,10.0
23.0,10.0,2.0,4.0,2.0,8.0,2.0,2.0,10.0,4.0,7.0,5.0,4.0,2.0,4.0,4.0
27.0,8.0,6.0,2.0,4.0,8.0,10.0,4.0,4.0,10.0,4.0,10.0,4.0,4.0,8.0,6.0
21.0,6.0,6.0,8.0,4.0,6.0,6.0,6.0,8.0,6.0,4.0,5.0,6.0,6.0,6.0,4.0
23.0,4.0,4.0,6.0,4.0,6.0,6.0,6.0,4.0,6.0,10.0,5.0,6.0,2.0,6.0,6.0
22.0,4.0,6.0,6.0,6.0,8.0,2.0,6.0,8.0,6.0,4.0,5.0,8.0,2.0,6.0,6.0
28.0,10.0,4.0,4.0,8.0,6.0,4.0,8.0,2.0,8.0,7.0,5.0,8.0,4.0,6.0,8.0
22.0,6.0,2.0,4.0,4.0,8.0,4.0,10.0,6.0,8.0,4.0,5.0,6.0,4.0,8.0,10.0
18.0,6.0,2.0,6.0,6.0,2.0,6.0,6.0,8.0,10.0,4.0,5.0,4.0,2.0,4.0,4.0
25.0,6.0,6.0,6.0,6.0,4.0,4.0,10.0,4.0,8.0,1.0,5.0,10.0,4.0,6.0,10.0
20.0,4.0,2.0,4.0,4.0,4.0,4.0,2.0,4.0,4.0,10.0,10.0,6.0,4.0,4.0,4.0
28.0,6.0,2.0,6.0,4.0,4.0,4.0,8.0,6.0,6.0,10.0,5.0,2.0,2.0,2.0,8.0
23.0,6.0,6.0,4.0,6.0,6.0,10.0,4.0,2.0,10.0,4.0,5.0,2.0,6.0,8.0,2.0
21.0,4.0,2.0,4.0,4.0,8.0,4.0,2.0,6.0,10.0,4.0,5.0,10.0,2.0,6.0,10.0
25.0,4.0,8.0,8.0,6.0,4.0,4.0,10.0,10.0,10.0,7.0,5.0,6.0,2.0,6.0,10.0
28.0,8.0,4.0,8.0,6.0,8.0,10.0,6.0,8.0,10.0,7.0,10.0,10.0,2.0,6.0,10.0
19.0,6.0,6.0,8.0,4.0,6.0,6.0,8.0,6.0,8.0,4.0,10.0,2.0,10.0,6.0,10.0
30.0,6.0,10.0,4.0,10.0,6.0,8.0,10.0,6.0,10.0,1.0,never,10.0,6.0,6.0,8.0
28.0,4.0,2.0,10.0,2.0,4.0,2.0,10.0,8.0,8.0,7.0,5.0,8.0,2.0,4.0,6.0
19.0,6.0,6.0,6.0,4.0,8.0,4.0,8.0,8.0,6.0,10.0,5.0,6.0,4.0,8.0,10.0
21.0,8.0,8.0,8.0,8.0,6.0,6.0,8.0,6.0,8.0,4.0,5.0,6.0,6.0,6.0,6.0
19.0,6.0,4.0,6.0,2.0,6.0,8.0,6.0,10.0,10.0,10.0,5.0,4.0,2.0,6.0,8.0
18.0,6.0,2.0,8.0,6.0,2.0,2.0,8.0,6.0,10.0,1.0,5.0,8.0,2.0,8.0,6.0
18.0,4.0,4.0,6.0,2.0,4.0,2.0,8.0,8.0,8.0,4.0,5.0,2.0,4.0,6.0,8.0
18.0,6.0,4.0,8.0,2.0,6.0,2.0,4.0,6.0,8.0,4.0,5.0,4.0,4.0,6.0,8.0
17.0,4.0,4.0,8.0,4.0,8.0,8.0,6.0,8.0,8.0,10.0,10.0,2.0,4.0,8.0,10.0
21.0,6.0,6.0,4.0,6.0,8.0,10.0,8.0,8.0,10.0,1.0,5.0,2.0,2.0,2.0,6.0
18.0,6.0,4.0,6.0,4.0,6.0,4.0,8.0,8.0,6.0,4.0,never,6.0,6.0,10.0,8.0
21.0,10.0,8.0,6.0,6.0,10.0,8.0,6.0,6.0,10.0,4.0,5.0,2.0,2.0,10.0,10.0
23.0,6.0,4.0,8.0,4.0,8.0,4.0,10.0,10.0,8.0,4.0,5.0,8.0,2.0,6.0,6.0
18.0,2.0,6.0,6.0,10.0,6.0,2.0,10.0,6.0,6.0,1.0,5.0,8.0,6.0,8.0,8.0
20.0,6.0,2.0,6.0,2.0,2.0,6.0,8.0,6.0,10.0,1.0,5.0,8.0,8.0,8.0,8.0
19.0,6.0,2.0,10.0,8.0,6.0,2.0,10.0,10.0,6.0,10.0,5.0,10.0,2.0,10.0,
20.0,4.0,2.0,8.0,6.0,4.0,2.0,10.0,6.0,6.0,4.0,5.0,4.0,4.0,6.0,8.0
26.0,2.0,4.0,6.0,6.0,2.0,4.0,2.0,8.0,8.0,10.0,never,4.0,2.0,4.0,8.0
21.0,8.0,6.0,10.0,8.0,6.0,2.0,4.0,4.0,4.0,1.0,never,6.0,2.0,6.0,8.0
19.0,10.0,6.0,2.0,6.0,4.0,10.0,8.0,2.0,10.0,10.0,5.0,4.0,2.0,10.0,10.0
23.0,6.0,6.0,6.0,6.0,6.0,8.0,6.0,6.0,8.0,10.0,10.0,2.0,2.0,2.0,10.0
21.0,4.0,2.0,8.0,4.0,4.0,2.0,10.0,8.0,10.0,4.0,5.0,8.0,2.0,6.0,6.0
22.0,8.0,4.0,10.0,2.0,8.0,6.0,6.0,6.0,10.0,4.0,5.0,6.0,2.0,2.0,8.0
18.0,6.0,6.0,8.0,4.0,4.0,4.0,10.0,8.0,8.0,10.0,10.0,4.0,4.0,4.0,10.0
21.0,6.0,2.0,4.0,4.0,4.0,10.0,6.0,4.0,8.0,4.0,5.0,4.0,2.0,10.0,4.0
23.0,4.0,2.0,4.0,2.0,2.0,2.0,10.0,10.0,6.0,,,2.0,2.0,6.0,10.0
17.0,4.0,4.0,6.0,4.0,8.0,10.0,6.0,8.0,10.0,10.0,10.0,2.0,4.0,6.0,10.0
20.0,4.0,6.0,8.0,6.0,6.0,2.0,10.0,8.0,8.0,7.0,10.0,6.0,2.0,2.0,6.0
22.0,4.0,8.0,6.0,6.0,4.0,4.0,8.0,4.0,8.0,4.0,5.0,10.0,4.0,8.0,4.0
20.0,4.0,4.0,4.0,4.0,6.0,2.0,8.0,2.0,6.0,1.0,never,4.0,2.0,2.0,10.0
19.0,6.0,8.0,6.0,8.0,10.0,2.0,6.0,8.0,8.0,7.0,5.0,10.0,2.0,6.0,2.0
25.0,2.0,6.0,10.0,6.0,2.0,2.0,6.0,8.0,10.0,4.0,5.0,10.0,2.0,4.0,10.0
29.0,6.0,6.0,4.0,6.0,6.0,10.0,4.0,2.0,10.0,1.0,never,2.0,2.0,4.0,2.0
29.0,10.0,10.0,4.0,8.0,6.0,4.0,4.0,8.0,6.0,7.0,10.0,6.0,2.0,6.0,4.0
17.0,8.0,2.0,2.0,2.0,6.0,4.0,8.0,2.0,8.0,4.0,5.0,8.0,2.0,6.0,6.0
17.0,8.0,4.0,6.0,4.0,10.0,8.0,10.0,4.0,10.0,1.0,5.0,6.0,6.0,8.0,2.0
19.0,6.0,6.0,6.0,2.0,4.0,6.0,10.0,4.0,6.0,7.0,5.0,6.0,2.0,2.0,6.0
18.0,10.0,2.0,8.0,4.0,10.0,8.0,6.0,8.0,4.0,7.0,5.0,8.0,2.0,6.0,2.0
20.0,10.0,2.0,6.0,10.0,6.0,2.0,8.0,2.0,8.0,1.0,5.0,10.0,2.0,6.0,4.0
21.0,10.0,4.0,6.0,6.0,10.0,4.0,10.0,8.0,10.0,7.0,10.0,10.0,10.0,6.0,10.0
18.0,6.0,6.0,8.0,4.0,8.0,2.0,10.0,4.0,8.0,4.0,5.0,6.0,4.0,6.0,10.0
19.0,4.0,6.0,10.0,6.0,6.0,4.0,10.0,6.0,6.0,4.0,5.0,8.0,4.0,6.0,6.0
19.0,8.0,4.0,8.0,4.0,8.0,2.0,8.0,8.0,4.0,10.0,10.0,2.0,2.0,4.0,4.0
20.0,2.0,4.0,4.0,8.0,6.0,2.0,10.0,10.0,4.0,10.0,10.0,4.0,2.0,10.0,10.0
19.0,2.0,6.0,4.0,2.0,6.0,6.0,10.0,4.0,10.0,4.0,never,6.0,2.0,2.0,8.0
18.0,4.0,6.0,10.0,2.0,4.0,2.0,10.0,10.0,4.0,1.0,5.0,10.0,8.0,6.0,10.0
18.0,10.0,4.0,4.0,4.0,6.0,8.0,8.0,8.0,10.0,7.0,5.0,4.0,2.0,6.0,6.0
16.0,6.0,2.0,2.0,4.0,8.0,10.0,2.0,6.0,10.0,7.0,never,8.0,4.0,6.0,6.0
18.0,6.0,4.0,6.0,4.0,8.0,2.0,8.0,8.0,8.0,4.0,5.0,2.0,2.0,8.0,8.0
19.0,8.0,2.0,4.0,2.0,8.0,4.0,6.0,8.0,6.0,4.0,5.0,6.0,4.0,4.0,4.0
24.0,10.0,10.0,6.0,10.0,8.0,4.0,6.0,2.0,8.0,1.0,5.0,6.0,6.0,6.0,8.0
19.0,10.0,10.0,6.0,8.0,6.0,4.0,6.0,2.0,4.0,1.0,5.0,10.0,2.0,2.0,10.0
20.0,10.0,8.0,10.0,4.0,8.0,8.0,8.0,4.0,10.0,4.0,5.0,6.0,8.0,6.0,8.0
21.0,6.0,2.0,6.0,4.0,8.0,4.0,6.0,2.0,8.0,7.0,10.0,6.0,6.0,8.0,10.0
23.0,2.0,2.0,8.0,2.0,2.0,8.0,6.0,10.0,10.0,10.0,10.0,6.0,6.0,4.0,10.0
23.0,8.0,8.0,6.0,6.0,4.0,10.0,8.0,2.0,10.0,4.0,10.0,6.0,4.0,2.0,4.0
17.0,4.0,4.0,10.0,4.0,6.0,4.0,8.0,10.0,8.0,4.0,5.0,4.0,4.0,4.0,8.0
18.0,10.0,2.0,6.0,10.0,10.0,2.0,6.0,2.0,6.0,1.0,5.0,8.0,2.0,8.0,10.0
26.0,10.0,8.0,2.0,6.0,4.0,4.0,4.0,6.0,8.0,7.0,10.0,2.0,4.0,2.0,10.0
22.0,4.0,4.0,4.0,4.0,6.0,8.0,4.0,6.0,8.0,4.0,10.0,6.0,6.0,6.0,6.0
22.0,10.0,,4.0,6.0,6.0,8.0,4.0,2.0,10.0,4.0,5.0,8.0,2.0,8.0,4.0
25.0,4.0,6.0,6.0,8.0,4.0,4.0,6.0,2.0,8.0,4.0,5.0,4.0,6.0,4.0,6.0
21.0,6.0,4.0,6.0,2.0,6.0,4.0,8.0,2.0,10.0,1.0,10.0,10.0,6.0,6.0,10.0
18.0,10.0,2.0,8.0,6.0,10.0,8.0,8.0,10.0,4.0,7.0,5.0,6.0,2.0,4.0,2.0
15.0,10.0,6.0,6.0,6.0,6.0,8.0,6.0,6.0,8.0,1.0,never,6.0,2.0,6.0,10.0
17.0,2.0,8.0,4.0,8.0,6.0,6.0,2.0,2.0,10.0,4.0,5.0,6.0,2.0,6.0,2.0
22.0,10.0,4.0,10.0,10.0,10.0,2.0,6.0,10.0,6.0,1.0,5.0,4.0,4.0,4.0,6.0
21.0,10.0,2.0,4.0,8.0,6.0,6.0,10.0,2.0,10.0,4.0,5.0,8.0,2.0,6.0,8.0
21.0,6.0,2.0,10.0,4.0,8.0,2.0,10.0,8.0,6.0,4.0,5.0,8.0,8.0,4.0,4.0
19.0,8.0,4.0,6.0,4.0,4.0,4.0,6.0,2.0,8.0,4.0,5.0,8.0,4.0,4.0,10.0
26.0,4.0,6.0,4.0,2.0,6.0,4.0,8.0,8.0,6.0,7.0,10.0,2.0,2.0,2.0,8.0
26.0,6.0,6.0,4.0,4.0,8.0,10.0,6.0,2.0,10.0,4.0,5.0,10.0,2.0,6.0,2.0
25.0,,8.0,6.0,,6.0,10.0,8.0,4.0,10.0,7.0,10.0,8.0,4.0,4.0,6.0
19.0,10.0,6.0,10.0,6.0,10.0,2.0,4.0,10.0,6.0,7.0,10.0,4.0,4.0,6.0,10.0
20.0,4.0,2.0,8.0,2.0,2.0,2.0,6.0,6.0,2.0,1.0,5.0,6.0,6.0,6.0,4.0
18.0,10.0,6.0,10.0,8.0,8.0,6.0,10.0,6.0,8.0,4.0,5.0,8.0,4.0,8.0,6.0
25.0,4.0,4.0,10.0,4.0,4.0,8.0,10.0,4.0,10.0,10.0,5.0,6.0,2.0,4.0,4.0
23.0,2.0,2.0,6.0,2.0,2.0,2.0,8.0,10.0,2.0,7.0,10.0,2.0,2.0,2.0,10.0
24.0,2.0,2.0,8.0,2.0,2.0,2.0,6.0,8.0,6.0,4.0,5.0,4.0,2.0,2.0,8.0
20.0,6.0,2.0,6.0,4.0,6.0,6.0,6.0,2.0,10.0,,never,6.0,6.0,6.0,4.0
19.0,6.0,4.0,6.0,2.0,6.0,2.0,10.0,4.0,6.0,1.0,5.0,10.0,2.0,4.0,10.0
18.0,8.0,4.0,4.0,2.0,6.0,10.0,8.0,4.0,10.0,1.0,5.0,2.0,4.0,8.0,6.0
25.0,8.0,10.0,10.0,10.0,8.0,10.0,8.0,8.0,8.0,10.0,10.0,8.0,6.0,4.0,2.0
22.0,6.0,8.0,4.0,6.0,6.0,10.0,4.0,4.0,4.0,7.0,never,6.0,6.0,2.0,6.0
26.0,6.0,4.0,6.0,2.0,6.0,4.0,8.0,10.0,6.0,10.0,5.0,6.0,2.0,6.0,4.0
19.0,6.0,6.0,6.0,6.0,6.0,6.0,6.0,6.0,6.0,1.0,never,6.0,6.0,6.0,6.0
16.0,2.0,2.0,2.0,2.0,2.0,2.0,2.0,2.0,2.0,7.0,5.0,4.0,6.0,2.0,8.0
18.0,8.0,8.0,4.0,8.0,4.0,10.0,6.0,4.0,10.0,4.0,10.0,8.0,8.0,6.0,10.0
20.0,8.0,4.0,6.0,2.0,2.0,2.0,8.0,8.0,4.0,10.0,5.0,4.0,4.0,4.0,6.0
17.0,4.0,4.0,8.0,4.0,10.0,10.0,6.0,8.0,10.0,10.0,10.0,2.0,6.0,8.0,10.0
20.0,8.0,2.0,4.0,2.0,6.0,2.0,4.0,4.0,4.0,4.0,5.0,6.0,4.0,4.0,4.0
19.0,8.0,2.0,4.0,2.0,4.0,2.0,6.0,8.0,8.0,4.0,5.0,6.0,4.0,10.0,6.0
25.0,6.0,2.0,,10.0,6.0,2.0,8.0,6.0,10.0,4.0,5.0,8.0,2.0,10.0,10.0
19.0,6.0,4.0,6.0,2.0,6.0,2.0,10.0,10.0,6.0,7.0,5.0,2.0,2.0,10.0,6.0
18.0,2.0,2.0,4.0,2.0,2.0,2.0,10.0,6.0,4.0,4.0,5.0,6.0,6.0,4.0,6.0
17.0,8.0,8.0,6.0,6.0,10.0,4.0,6.0,8.0,6.0,1.0,5.0,10.0,4.0,2.0,8.0
18.0,4.0,4.0,6.0,2.0,6.0,2.0,8.0,6.0,8.0,4.0,5.0,2.0,4.0,6.0,10.0
20.0,6.0,4.0,8.0,2.0,8.0,2.0,6.0,2.0,6.0,1.0,5.0,10.0,2.0,6.0,8.0
17.0,8.0,8.0,4.0,6.0,10.0,10.0,6.0,4.0,10.0,1.0,5.0,6.0,8.0,6.0,2.0
21.0,8.0,4.0,4.0,10.0,6.0,8.0,8.0,4.0,10.0,4.0,10.0,8.0,2.0,6.0,10.0
19.0,8.0,2.0,8.0,6.0,10.0,2.0,8.0,6.0,6.0,1.0,5.0,8.0,4.0,6.0,6.0
19.0,6.0,6.0,6.0,6.0,6.0,6.0,10.0,8.0,4.0,4.0,5.0,4.0,2.0,6.0,8.0
19.0,8.0,4.0,6.0,4.0,10.0,8.0,8.0,4.0,10.0,4.0,5.0,2.0,2.0,4.0,10.0
16.0,4.0,2.0,4.0,4.0,4.0,4.0,10.0,10.0,4.0,10.0,10.0,4.0,6.0,4.0,10.0
18.0,6.0,4.0,4.0,2.0,4.0,4.0,8.0,8.0,6.0,4.0,5.0,10.0,2.0,6.0,10.0
19.0,10.0,6.0,8.0,6.0,2.0,2.0,10.0,8.0,8.0,4.0,10.0,2.0,2.0,2.0,10.0
20.0,8.0,4.0,6.0,4.0,2.0,10.0,4.0,4.0,10.0,7.0,never,4.0,4.0,10.0,10.0
19.0,6.0,2.0,6.0,2.0,10.0,2.0,6.0,8.0,4.0,4.0,5.0,6.0,4.0,6.0,8.0
21.0,6.0,4.0,6.0,4.0,6.0,6.0,6.0,8.0,8.0,7.0,5.0,4.0,4.0,4.0,8.0
24.0,6.0,4.0,6.0,2.0,8.0,8.0,6.0,10.0,4.0,7.0,never,8.0,6.0,6.0,2.0
23.0,2.0,2.0,6.0,2.0,2.0,2.0,10.0,10.0,4.0,4.0,5.0,2.0,4.0,2.0,10.0
30.0,2.0,10.0,10.0,2.0,2.0,2.0,2.0,2.0,10.0,10.0,10.0,6.0,8.0,6.0,10.0
27.0,8.0,4.0,6.0,4.0,4.0,8.0,10.0,8.0,2.0,4.0,5.0,8.0,2.0,4.0,8.0
19.0,6.0,4.0,10.0,2.0,4.0,2.0,4.0,10.0,4.0,7.0,5.0,2.0,2.0,10.0,8.0
18.0,8.0,2.0,6.0,4.0,4.0,6.0,8.0,6.0,10.0,10.0,5.0,2.0,8.0,6.0,4.0
18.0,8.0,6.0,2.0,4.0,4.0,10.0,4.0,2.0,8.0,1.0,5.0,8.0,4.0,8.0,4.0
17.0,4.0,2.0,8.0,2.0,2.0,2.0,8.0,8.0,6.0,1.0,never,4.0,2.0,4.0,4.0
30.0,2.0,2.0,10.0,2.0,2.0,6.0,8.0,2.0,10.0,10.0,10.0,2.0,2.0,6.0,8.0
19.0,4.0,4.0,10.0,6.0,2.0,8.0,10.0,10.0,8.0,7.0,10.0,6.0,2.0,2.0,6.0
27.0,4.0,2.0,4.0,2.0,4.0,8.0,6.0,2.0,10.0,10.0,5.0,6.0,6.0,6.0,10.0
21.0,8.0,2.0,8.0,2.0,8.0,6.0,10.0,8.0,10.0,4.0,5.0,4.0,6.0,4.0,10.0
17.0,6.0,2.0,8.0,6.0,4.0,10.0,10.0,6.0,10.0,7.0,5.0,10.0,8.0,6.0,8.0
20.0,2.0,2.0,2.0,2.0,2.0,2.0,2.0,2.0,2.0,4.0,5.0,6.0,2.0,4.0,6.0
20.0,10.0,6.0,2.0,6.0,2.0,4.0,6.0,2.0,4.0,10.0,never,6.0,2.0,6.0,6.0
20.0,6.0,4.0,6.0,2.0,2.0,6.0,10.0,6.0,10.0,4.0,10.0,4.0,4.0,4.0,10.0
18.0,4.0,2.0,8.0,2.0,2.0,4.0,4.0,8.0,4.0,1.0,10.0,6.0,6.0,2.0,10.0
20.0,10.0,8.0,4.0,6.0,8.0,10.0,2.0,2.0,10.0,10.0,5.0,6.0,6.0,4.0,8.0
20.0,8.0,6.0,4.0,6.0,6.0,8.0,6.0,6.0,10.0,4.0,5.0,8.0,2.0,8.0,8.0
17.0,2.0,2.0,2.0,2.0,2.0,2.0,2.0,4.0,2.0,1.0,never,8.0,6.0,4.0,2.0
19.0,2.0,2.0,4.0,2.0,2.0,6.0,4.0,4.0,4.0,1.0,never,4.0,2.0,2.0,2.0
20.0,10.0,2.0,8.0,6.0,6.0,4.0,8.0,10.0,6.0,10.0,5.0,6.0,4.0,10.0,4.0
20.0,6.0,8.0,4.0,6.0,8.0,10.0,4.0,10.0,10.0,4.0,5.0,2.0,2.0,2.0,2.0
21.0,8.0,2.0,6.0,6.0,10.0,10.0,8.0,8.0,10.0,10.0,10.0,6.0,4.0,2.0,10.0
23.0,2.0,2.0,2.0,2.0,8.0,4.0,10.0,10.0,10.0,7.0,10.0,10.0,2.0,10.0,10.0
24.0,8.0,2.0,6.0,6.0,2.0,8.0,8.0,4.0,8.0,1.0,5.0,2.0,2.0,4.0,8.0
17.0,4.0,4.0,6.0,2.0,2.0,2.0,8.0,6.0,4.0,1.0,5.0,4.0,2.0,2.0,4.0
18.0,8.0,4.0,4.0,4.0,8.0,4.0,6.0,8.0,10.0,4.0,5.0,4.0,2.0,4.0,8.0
17.0,10.0,4.0,4.0,4.0,8.0,10.0,8.0,2.0,10.0,1.0,never,2.0,10.0,8.0,10.0
19.0,4.0,2.0,6.0,2.0,6.0,2.0,10.0,10.0,8.0,10.0,10.0,2.0,2.0,6.0,10.0
21.0,6.0,4.0,6.0,4.0,4.0,2.0,6.0,10.0,4.0,10.0,never,6.0,2.0,10.0,8.0
29.0,10.0,4.0,2.0,2.0,4.0,6.0,6.0,2.0,10.0,10.0,5.0,4.0,4.0,2.0,10.0
21.0,8.0,2.0,2.0,6.0,4.0,8.0,4.0,2.0,10.0,4.0,10.0,8.0,2.0,6.0,10.0
20.0,8.0,2.0,6.0,6.0,10.0,6.0,8.0,6.0,10.0,4.0,10.0,10.0,8.0,6.0,8.0
20.0,8.0,6.0,6.0,8.0,6.0,6.0,8.0,4.0,10.0,4.0,10.0,6.0,6.0,4.0,8.0
19.0,2.0,4.0,8.0,2.0,2.0,6.0,8.0,10.0,10.0,4.0,5.0,6.0,6.0,4.0,2.0
20.0,10.0,4.0,2.0,4.0,8.0,10.0,6.0,6.0,10.0,4.0,5.0,6.0,4.0,10.0,8.0
21.0,6.0,2.0,8.0,4.0,8.0,2.0,8.0,10.0,6.0,7.0,10.0,8.0,6.0,6.0,10.0
17.0,8.0,8.0,8.0,4.0,8.0,6.0,10.0,10.0,8.0,4.0,5.0,4.0,4.0,6.0,8.0
20.0,10.0,10.0,6.0,8.0,8.0,6.0,4.0,2.0,10.0,4.0,5.0,6.0,10.0,4.0,10.0
19.0,8.0,2.0,4.0,2.0,10.0,2.0,6.0,2.0,8.0,10.0,5.0,2.0,6.0,6.0,10.0
21.0,8.0,4.0,8.0,6.0,4.0,8.0,6.0,4.0,10.0,4.0,5.0,4.0,2.0,4.0,8.0
19.0,4.0,4.0,6.0,4.0,6.0,2.0,10.0,2.0,8.0,1.0,5.0,6.0,2.0,6.0,10.0
19.0,4.0,2.0,4.0,2.0,10.0,10.0,8.0,8.0,10.0,4.0,5.0,2.0,8.0,2.0,10.0
20.0,10.0,4.0,8.0,6.0,10.0,10.0,4.0,4.0,10.0,4.0,5.0,8.0,2.0,2.0,4.0
21.0,2.0,2.0,8.0,2.0,6.0,2.0,10.0,8.0,8.0,7.0,5.0,4.0,2.0,2.0,4.0
23.0,4.0,2.0,8.0,4.0,6.0,2.0,8.0,6.0,6.0,10.0,10.0,8.0,8.0,4.0,10.0
24.0,2.0,6.0,4.0,6.0,6.0,2.0,10.0,8.0,10.0,7.0,5.0,8.0,4.0,4.0,2.0
19.0,4.0,6.0,8.0,6.0,4.0,6.0,8.0,10.0,8.0,4.0,5.0,8.0,2.0,10.0,2.0
24.0,6.0,2.0,8.0,4.0,4.0,2.0,8.0,2.0,10.0,7.0,5.0,4.0,2.0,2.0,4.0
20.0,6.0,6.0,8.0,4.0,4.0,4.0,8.0,10.0,8.0,7.0,5.0,,2.0,6.0,2.0
30.0,10.0,8.0,4.0,10.0,10.0,4.0,4.0,4.0,6.0,7.0,never,6.0,8.0,4.0,2.0
20.0,2.0,2.0,6.0,2.0,4.0,2.0,10.0,8.0,2.0,10.0,10.0,10.0,2.0,6.0,10.0
23.0,6.0,4.0,10.0,4.0,8.0,2.0,8.0,8.0,4.0,10.0,5.0,8.0,6.0,8.0,8.0
19.0,10.0,4.0,6.0,8.0,8.0,4.0,10.0,2.0,10.0,4.0,10.0,10.0,4.0,10.0,10.0
19.0,6.0,2.0,4.0,2.0,4.0,6.0,6.0,2.0,10.0,7.0,10.0,4.0,2.0,2.0,8.0
22.0,10.0,8.0,2.0,8.0,8.0,2.0,4.0,2.0,4.0,10.0,never,4.0,6.0,10.0,8.0
17.0,6.0,4.0,8.0,2.0,6.0,2.0,8.0,8.0,4.0,4.0,5.0,10.0,4.0,4.0,6.0
20.0,4.0,2.0,6.0,2.0,4.0,2.0,4.0,10.0,4.0,10.0,5.0,2.0,6.0,6.0,4.0
19.0,4.0,4.0,4.0,2.0,4.0,2.0,4.0,10.0,4.0,4.0,5.0,4.0,2.0,2.0,8.0
30.0,6.0,4.0,8.0,8.0,4.0,2.0,6.0,4.0,6.0,7.0,5.0,10.0,2.0,6.0,2.0
27.0,2.0,2.0,8.0,4.0,6.0,2.0,6.0,10.0,6.0,4.0,10.0,6.0,2.0,6.0,8.0
19.0,6.0,6.0,10.0,6.0,4.0,6.0,10.0,10.0,8.0,10.0,5.0,2.0,4.0,6.0,8.0
17.0,6.0,2.0,6.0,4.0,10.0,6.0,8.0,6.0,10.0,10.0,10.0,8.0,2.0,4.0,4.0
20.0,6.0,6.0,8.0,4.0,6.0,2.0,8.0,4.0,6.0,10.0,5.0,4.0,2.0,4.0,4.0
20.0,10.0,4.0,6.0,6.0,10.0,6.0,4.0,2.0,6.0,4.0,5.0,2.0,2.0,10.0,6.0
20.0,6.0,4.0,8.0,8.0,6.0,4.0,8.0,10.0,6.0,4.0,10.0,4.0,2.0,6.0,8.0
20.0,6.0,6.0,8.0,6.0,6.0,8.0,6.0,8.0,8.0,10.0,5.0,8.0,2.0,2.0,6.0
18.0,6.0,2.0,6.0,4.0,6.0,2.0,6.0,2.0,10.0,4.0,10.0,4.0,,4.0,10.0
21.0,6.0,4.0,8.0,4.0,8.0,6.0,10.0,8.0,8.0,10.0,5.0,2.0,2.0,4.0,10.0
21.0,8.0,4.0,6.0,4.0,6.0,2.0,6.0,4.0,4.0,10.0,5.0,4.0,4.0,6.0,4.0
20.0,6.0,6.0,6.0,4.0,6.0,8.0,6.0,8.0,10.0,7.0,10.0,4.0,2.0,8.0,10.0
17.0,6.0,4.0,8.0,6.0,2.0,4.0,6.0,8.0,8.0,7.0,5.0,6.0,4.0,4.0,8.0
23.0,8.0,6.0,4.0,6.0,4.0,8.0,4.0,6.0,10.0,4.0,10.0,2.0,2.0,6.0,8.0
25.0,4.0,8.0,8.0,4.0,2.0,2.0,8.0,2.0,6.0,1.0,5.0,6.0,2.0,4.0,6.0
18.0,4.0,6.0,6.0,8.0,4.0,6.0,8.0,10.0,,10.0,10.0,6.0,2.0,4.0,8.0
18.0,10.0,4.0,4.0,2.0,6.0,6.0,8.0,4.0,10.0,4.0,10.0,10.0,6.0,8.0,10.0
25.0,4.0,2.0,8.0,4.0,2.0,6.0,10.0,6.0,6.0,4.0,never,4.0,4.0,2.0,4.0
21.0,8.0,2.0,6.0,4.0,8.0,8.0,6.0,4.0,10.0,4.0,10.0,10.0,2.0,10.0,10.0
20.0,6.0,2.0,4.0,6.0,6.0,6.0,6.0,4.0,10.0,4.0,5.0,4.0,2.0,6.0,10.0
21.0,6.0,4.0,8.0,4.0,6.0,4.0,6.0,6.0,8.0,4.0,10.0,4.0,4.0,4.0,8.0
18.0,2.0,2.0,10.0,2.0,4.0,2.0,6.0,6.0,4.0,10.0,10.0,4.0,2.0,4.0,6.0
20.0,2.0,2.0,6.0,2.0,2.0,2.0,6.0,8.0,4.0,7.0,5.0,8.0,2.0,6.0,6.0
19.0,6.0,4.0,6.0,2.0,8.0,2.0,8.0,10.0,2.0,7.0,5.0,4.0,2.0,8.0,2.0
22.0,6.0,10.0,2.0,6.0,8.0,6.0,2.0,6.0,10.0,1.0,5.0,4.0,2.0,6.0,8.0
26.0,8.0,4.0,4.0,4.0,8.0,4.0,8.0,10.0,8.0,1.0,never,4.0,2.0,4.0,8.0
23.0,4.0,8.0,10.0,2.0,4.0,10.0,4.0,4.0,8.0,4.0,5.0,4.0,2.0,4.0,4.0
18.0,2.0,4.0,10.0,2.0,4.0,2.0,6.0,8.0,4.0,10.0,10.0,6.0,2.0,4.0,6.0
18.0,10.0,6.0,2.0,2.0,8.0,4.0,8.0,2.0,10.0,4.0,10.0,8.0,4.0,6.0,10.0
16.0,4.0,2.0,8.0,2.0,4.0,6.0,4.0,6.0,8.0,7.0,5.0,10.0,2.0,6.0,10.0
19.0,4.0,2.0,6.0,2.0,8.0,2.0,8.0,4.0,6.0,4.0,10.0,8.0,2.0,8.0,6.0
19.0,8.0,2.0,8.0,4.0,8.0,6.0,8.0,6.0,10.0,4.0,10.0,10.0,2.0,8.0,10.0
23.0,4.0,4.0,6.0,4.0,4.0,8.0,8.0,10.0,8.0,10.0,5.0,4.0,2.0,4.0,10.0
21.0,6.0,2.0,6.0,4.0,2.0,10.0,6.0,2.0,8.0,10.0,10.0,2.0,2.0,4.0,8.0
19.0,,8.0,6.0,4.0,4.0,6.0,4.0,8.0,10.0,4.0,10.0,4.0,8.0,6.0,6.0
20.0,4.0,2.0,6.0,4.0,4.0,6.0,8.0,4.0,8.0,4.0,5.0,10.0,8.0,4.0,8.0
22.0,10.0,8.0,6.0,6.0,6.0,6.0,6.0,4.0,8.0,4.0,5.0,2.0,4.0,8.0,10.0
20.0,6.0,4.0,10.0,2.0,4.0,2.0,8.0,8.0,6.0,4.0,5.0,4.0,2.0,6.0,10.0
21.0,2.0,4.0,8.0,6.0,2.0,4.0,8.0,4.0,8.0,10.0,5.0,6.0,6.0,6.0,6.0
19.0,4.0,4.0,6.0,6.0,4.0,6.0,6.0,6.0,10.0,4.0,5.0,2.0,4.0,4.0,8.0
17.0,6.0,8.0,4.0,6.0,4.0,6.0,4.0,8.0,8.0,7.0,5.0,4.0,4.0,6.0,4.0
19.0,4.0,2.0,6.0,2.0,6.0,6.0,6.0,4.0,10.0,4.0,5.0,8.0,2.0,4.0,10.0
16.0,4.0,6.0,8.0,4.0,6.0,2.0,6.0,8.0,6.0,1.0,5.0,6.0,6.0,6.0,6.0
22.0,6.0,8.0,4.0,6.0,8.0,6.0,4.0,2.0,10.0,4.0,10.0,2.0,4.0,4.0,8.0
23.0,2.0,6.0,4.0,4.0,6.0,2.0,8.0,6.0,6.0,10.0,never,4.0,8.0,4.0,8.0
28.0,6.0,2.0,4.0,4.0,10.0,4.0,4.0,2.0,10.0,7.0,5.0,6.0,6.0,4.0,10.0
20.0,4.0,4.0,4.0,,6.0,4.0,6.0,10.0,6.0,10.0,5.0,2.0,2.0,6.0,6.0
21.0,6.0,4.0,4.0,2.0,8.0,2.0,6.0,4.0,6.0,4.0,5.0,4.0,6.0,6.0,8.0
22.0,4.0,4.0,2.0,4.0,6.0,2.0,6.0,2.0,6.0,4.0,never,8.0,2.0,4.0,2.0
19.0,4.0,6.0,4.0,8.0,10.0,10.0,2.0,4.0,10.0,7.0,10.0,6.0,6.0,4.0,4.0
24.0,4.0,4.0,4.0,2.0,4.0,2.0,10.0,4.0,6.0,4.0,5.0,6.0,2.0,4.0,4.0
23.0,4.0,6.0,8.0,6.0,6.0,2.0,8.0,10.0,8.0,1.0,5.0,4.0,2.0,2.0,6.0
21.0,10.0,2.0,10.0,6.0,8.0,2.0,4.0,4.0,2.0,10.0,10.0,8.0,2.0,6.0,10.0
22.0,4.0,4.0,8.0,6.0,4.0,4.0,10.0,6.0,6.0,4.0,10.0,10.0,2.0,6.0,6.0
18.0,4.0,6.0,6.0,4.0,6.0,6.0,8.0,4.0,8.0,10.0,5.0,6.0,6.0,8.0,6.0
28.0,6.0,4.0,8.0,6.0,4.0,4.0,8.0,8.0,6.0,4.0,10.0,4.0,8.0,10.0,4.0
18.0,6.0,2.0,4.0,2.0,10.0,2.0,8.0,8.0,10.0,4.0,5.0,4.0,2.0,4.0,4.0
23.0,8.0,2.0,4.0,4.0,6.0,10.0,6.0,2.0,10.0,7.0,5.0,8.0,4.0,8.0,4.0
22.0,2.0,2.0,8.0,4.0,4.0,4.0,8.0,6.0,6.0,7.0,5.0,4.0,6.0,6.0,4.0
21.0,8.0,4.0,8.0,8.0,8.0,2.0,6.0,2.0,8.0,7.0,10.0,6.0,8.0,8.0,10.0
20.0,10.0,2.0,4.0,6.0,8.0,8.0,6.0,4.0,10.0,10.0,10.0,10.0,10.0,10.0,10.0
18.0,2.0,6.0,10.0,4.0,4.0,6.0,8.0,8.0,8.0,7.0,5.0,6.0,4.0,6.0,4.0
21.0,6.0,2.0,4.0,4.0,6.0,8.0,6.0,2.0,10.0,4.0,5.0,4.0,2.0,8.0,10.0
20.0,6.0,4.0,4.0,4.0,4.0,8.0,4.0,4.0,10.0,10.0,5.0,2.0,4.0,4.0,8.0
21.0,4.0,2.0,4.0,4.0,,10.0,8.0,6.0,10.0,4.0,5.0,4.0,4.0,8.0,6.0
21.0,6.0,2.0,6.0,4.0,6.0,8.0,6.0,6.0,8.0,7.0,10.0,10.0,6.0,6.0,4.0
20.0,6.0,6.0,6.0,6.0,6.0,6.0,6.0,4.0,8.0,4.0,5.0,8.0,2.0,2.0,10.0
17.0,2.0,4.0,8.0,4.0,6.0,4.0,8.0,8.0,6.0,1.0,never,4.0,4.0,4.0,8.0
20.0,6.0,2.0,10.0,2.0,4.0,2.0,10.0,8.0,6.0,10.0,5.0,6.0,2.0,6.0,10.0
23.0,10.0,2.0,4.0,4.0,8.0,4.0,8.0,6.0,8.0,4.0,10.0,10.0,8.0,8.0,10.0
19.0,2.0,2.0,6.0,2.0,2.0,2.0,6.0,4.0,4.0,4.0,5.0,6.0,4.0,2.0,10.0
20.0,4.0,6.0,8.0,6.0,8.0,2.0,6.0,6.0,4.0,4.0,5.0,10.0,6.0,4.0,10.0
22.0,4.0,4.0,6.0,4.0,4.0,6.0,4.0,2.0,8.0,1.0,never,2.0,2.0,4.0,6.0
19.0,2.0,2.0,10.0,2.0,2.0,2.0,10.0,8.0,6.0,4.0,5.0,10.0,2.0,6.0,10.0
19.0,10.0,4.0,8.0,4.0,4.0,4.0,8.0,8.0,6.0,1.0,5.0,8.0,2.0,6.0,6.0
27.0,8.0,2.0,6.0,10.0,4.0,6.0,8.0,4.0,4.0,4.0,never,,2.0,2.0,4.0
18.0,4.0,2.0,6.0,4.0,2.0,4.0,6.0,10.0,4.0,7.0,5.0,10.0,6.0,10.0,6.0
18.0,2.0,4.0,8.0,4.0,4.0,8.0,8.0,4.0,6.0,10.0,5.0,6.0,8.0,8.0,4.0
20.0,2.0,4.0,8.0,4.0,4.0,4.0,10.0,8.0,6.0,4.0,5.0,6.0,4.0,4.0,10.0
17.0,10.0,6.0,4.0,4.0,10.0,4.0,6.0,2.0,8.0,10.0,10.0,8.0,4.0,8.0,10.0
19.0,4.0,4.0,6.0,4.0,4.0,10.0,6.0,4.0,8.0,4.0,5.0,6.0,6.0,4.0,10.0
16.0,2.0,2.0,6.0,2.0,2.0,2.0,10.0,4.0,4.0,4.0,5.0,10.0,2.0,6.0,10.0
21.0,6.0,4.0,4.0,6.0,8.0,8.0,8.0,4.0,6.0,4.0,5.0,6.0,6.0,8.0,4.0
18.0,10.0,2.0,8.0,2.0,10.0,8.0,10.0,8.0,10.0,1.0,5.0,10.0,8.0,10.0,10.0
19.0,10.0,2.0,4.0,10.0,6.0,4.0,8.0,8.0,10.0,7.0,5.0,10.0,10.0,10.0,10.0
20.0,10.0,8.0,8.0,2.0,6.0,2.0,8.0,2.0,8.0,1.0,never,8.0,4.0,4.0,4.0
16.0,6.0,2.0,4.0,2.0,10.0,2.0,6.0,8.0,6.0,4.0,never,8.0,4.0,4.0,10.0
18.0,4.0,2.0,6.0,4.0,8.0,6.0,8.0,8.0,8.0,10.0,,4.0,2.0,10.0,10.0
24.0,8.0,4.0,10.0,6.0,10.0,2.0,8.0,2.0,4.0,4.0,10.0,10.0,,10.0,2.0
22.0,10.0,2.0,6.0,4.0,8.0,2.0,6.0,8.0,,10.0,5.0,8.0,2.0,4.0,10.0
19.0,8.0,4.0,6.0,6.0,6.0,2.0,10.0,4.0,8.0,1.0,5.0,8.0,4.0,4.0,10.0
22.0,6.0,6.0,10.0,4.0,4.0,8.0,8.0,10.0,8.0,10.0,10.0,2.0,6.0,2.0,4.0
22.0,8.0,4.0,4.0,2.0,8.0,10.0,6.0,4.0,10.0,4.0,5.0,6.0,6.0,8.0,8.0
16.0,4.0,2.0,6.0,2.0,4.0,6.0,6.0,8.0,6.0,4.0,5.0,6.0,6.0,8.0,6.0
18.0,6.0,4.0,8.0,6.0,4.0,2.0,8.0,4.0,6.0,4.0,5.0,10.0,2.0,4.0,2.0
18.0,2.0,6.0,6.0,4.0,6.0,6.0,6.0,4.0,8.0,4.0,5.0,6.0,2.0,6.0,4.0
15.0,8.0,,4.0,6.0,6.0,10.0,8.0,8.0,10.0,1.0,never,2.0,8.0,10.0,10.0
26.0,2.0,2.0,8.0,2.0,6.0,4.0,8.0,8.0,6.0,7.0,10.0,2.0,10.0,8.0,10.0
19.0,8.0,6.0,6.0,6.0,6.0,6.0,8.0,2.0,10.0,1.0,never,2.0,8.0,4.0,4.0
20.0,6.0,6.0,6.0,2.0,8.0,2.0,10.0,8.0,8.0,4.0,5.0,8.0,4.0,6.0,6.0
20.0,4.0,4.0,10.0,6.0,6.0,2.0,6.0,8.0,6.0,7.0,5.0,8.0,4.0,4.0,10.0
19.0,2.0,4.0,4.0,2.0,2.0,10.0,4.0,2.0,10.0,10.0,10.0,10.0,2.0,4.0,6.0
20.0,6.0,8.0,6.0,2.0,8.0,6.0,8.0,6.0,8.0,10.0,10.0,4.0,2.0,8.0,8.0
20.0,2.0,2.0,4.0,2.0,4.0,2.0,4.0,10.0,4.0,1.0,5.0,6.0,4.0,6.0,8.0
22.0,6.0,2.0,10.0,6.0,4.0,2.0,8.0,6.0,2.0,4.0,5.0,8.0,4.0,6.0,4.0
24.0,8.0,6.0,6.0,4.0,8.0,4.0,8.0,4.0,6.0,10.0,5.0,10.0,4.0,8.0,10.0
20.0,6.0,2.0,8.0,8.0,6.0,2.0,10.0,10.0,6.0,4.0,5.0,10.0,6.0,6.0,8.0
21.0,10.0,8.0,6.0,8.0,8.0,2.0,4.0,2.0,2.0,1.0,never,8.0,8.0,8.0,8.0
23.0,10.0,6.0,8.0,6.0,8.0,2.0,10.0,6.0,8.0,10.0,5.0,2.0,4.0,2.0,8.0
21.0,6.0,6.0,6.0,4.0,6.0,10.0,6.0,6.0,10.0,4.0,5.0,4.0,2.0,6.0,6.0
17.0,6.0,6.0,10.0,6.0,4.0,4.0,10.0,2.0,10.0,4.0,5.0,10.0,2.0,10.0,10.0
19.0,10.0,2.0,2.0,2.0,8.0,2.0,2.0,2.0,2.0,4.0,5.0,2.0,2.0,2.0,2.0
18.0,6.0,4.0,4.0,4.0,8.0,10.0,4.0,2.0,10.0,1.0,5.0,4.0,2.0,4.0,8.0
19.0,6.0,4.0,6.0,4.0,6.0,4.0,8.0,10.0,6.0,4.0,5.0,2.0,2.0,4.0,8.0
19.0,6.0,4.0,4.0,2.0,6.0,8.0,8.0,4.0,10.0,7.0,10.0,8.0,8.0,2.0,10.0
22.0,10.0,8.0,10.0,2.0,10.0,4.0,6.0,8.0,8.0,10.0,10.0,2.0,10.0,10.0,10.0
18.0,8.0,6.0,4.0,8.0,6.0,8.0,4.0,2.0,10.0,4.0,5.0,4.0,6.0,4.0,10.0
19.0,6.0,6.0,6.0,6.0,6.0,4.0,6.0,2.0,10.0,4.0,5.0,8.0,2.0,4.0,6.0
20.0,8.0,10.0,4.0,10.0,10.0,10.0,4.0,2.0,10.0,10.0,5.0,8.0,8.0,4.0,2.0
21.0,4.0,4.0,2.0,4.0,6.0,10.0,4.0,2.0,10.0,10.0,10.0,6.0,4.0,2.0,10.0
23.0,10.0,10.0,10.0,10.0,10.0,10.0,10.0,10.0,10.0,10.0,10.0,6.0,2.0,2.0,10.0
19.0,6.0,6.0,8.0,4.0,8.0,4.0,10.0,6.0,10.0,4.0,5.0,8.0,2.0,4.0,8.0
19.0,2.0,4.0,8.0,4.0,2.0,6.0,8.0,8.0,8.0,10.0,10.0,4.0,4.0,4.0,10.0
21.0,4.0,4.0,4.0,2.0,10.0,10.0,8.0,4.0,10.0,4.0,5.0,10.0,2.0,8.0,8.0
19.0,8.0,4.0,8.0,4.0,8.0,2.0,10.0,6.0,10.0,1.0,5.0,4.0,2.0,4.0,8.0
18.0,10.0,4.0,4.0,4.0,10.0,8.0,8.0,2.0,8.0,,10.0,2.0,8.0,4.0,10.0
19.0,10.0,8.0,2.0,4.0,6.0,2.0,6.0,2.0,8.0,4.0,5.0,8.0,2.0,8.0,10.0
18.0,6.0,2.0,4.0,2.0,6.0,6.0,4.0,4.0,8.0,4.0,10.0,2.0,4.0,6.0,8.0
22.0,6.0,2.0,6.0,2.0,4.0,2.0,10.0,8.0,6.0,4.0,5.0,6.0,6.0,4.0,4.0
21.0,6.0,4.0,2.0,6.0,2.0,8.0,6.0,2.0,8.0,10.0,10.0,8.0,2.0,6.0,10.0
20.0,8.0,4.0,2.0,6.0,4.0,6.0,8.0,2.0,10.0,7.0,5.0,4.0,2.0,6.0,8.0
19.0,10.0,6.0,4.0,10.0,8.0,4.0,4.0,6.0,8.0,4.0,5.0,8.0,2.0,6.0,10.0
20.0,4.0,6.0,4.0,4.0,6.0,6.0,2.0,,10.0,10.0,10.0,6.0,4.0,8.0,10.0
19.0,10.0,4.0,6.0,4.0,10.0,4.0,4.0,6.0,10.0,4.0,10.0,10.0,6.0,10.0,10.0
30.0,8.0,4.0,6.0,4.0,6.0,10.0,10.0,10.0,10.0,7.0,10.0,10.0,2.0,10.0,10.0
29.0,4.0,2.0,4.0,2.0,4.0,8.0,6.0,2.0,8.0,7.0,5.0,2.0,2.0,4.0,2.0
21.0,2.0,2.0,4.0,2.0,2.0,10.0,2.0,10.0,10.0,4.0,5.0,2.0,2.0,4.0,8.0
30.0,8.0,8.0,8.0,2.0,4.0,8.0,6.0,4.0,8.0,1.0,never,2.0,2.0,6.0,10.0
21.0,6.0,4.0,6.0,2.0,2.0,2.0,8.0,8.0,8.0,7.0,5.0,10.0,4.0,8.0,6.0
20.0,6.0,4.0,6.0,4.0,6.0,6.0,6.0,4.0,10.0,10.0,10.0,4.0,2.0,6.0,10.0
18.0,2.0,2.0,4.0,2.0,2.0,8.0,2.0,6.0,8.0,4.0,never,8.0,2.0,8.0,6.0
20.0,6.0,2.0,2.0,2.0,4.0,6.0,2.0,8.0,8.0,7.0,5.0,4.0,6.0,4.0,10.0
19.0,2.0,6.0,6.0,6.0,2.0,4.0,6.0,4.0,8.0,4.0,5.0,6.0,2.0,4.0,8.0
28.0,6.0,2.0,8.0,6.0,2.0,10.0,6.0,6.0,10.0,4.0,5.0,6.0,4.0,4.0,4.0
19.0,10.0,8.0,10.0,6.0,10.0,6.0,8.0,10.0,8.0,1.0,5.0,4.0,2.0,6.0,6.0
16.0,6.0,4.0,6.0,6.0,4.0,2.0,8.0,10.0,6.0,1.0,never,8.0,2.0,6.0,10.0
18.0,2.0,4.0,10.0,2.0,2.0,4.0,8.0,8.0,6.0,7.0,never,10.0,6.0,4.0,10.0
22.0,2.0,6.0,6.0,2.0,4.0,10.0,4.0,2.0,10.0,10.0,5.0,2.0,2.0,6.0,2.0
20.0,4.0,4.0,8.0,6.0,8.0,4.0,8.0,4.0,10.0,7.0,5.0,6.0,4.0,6.0,4.0
22.0,6.0,4.0,8.0,2.0,4.0,8.0,6.0,10.0,6.0,7.0,5.0,4.0,8.0,6.0,10.0
20.0,10.0,4.0,10.0,4.0,10.0,6.0,8.0,8.0,8.0,10.0,10.0,8.0,2.0,8.0,10.0
27.0,8.0,6.0,10.0,2.0,4.0,2.0,8.0,2.0,2.0,1.0,5.0,2.0,2.0,2.0,2.0
18.0,4.0,4.0,2.0,2.0,4.0,2.0,6.0,6.0,8.0,4.0,5.0,10.0,2.0,8.0,10.0
25.0,6.0,2.0,6.0,6.0,6.0,2.0,6.0,4.0,8.0,4.0,5.0,10.0,2.0,6.0,10.0
21.0,6.0,4.0,8.0,6.0,2.0,2.0,8.0,6.0,2.0,4.0,5.0,4.0,6.0,6.0,4.0
